,store,sido,gungu,store_address
0,강원홍천군홍천점,강원도,홍천군,강원 홍천군 홍천읍 갈마로 4
1,강원양구군방산점,강원도,양구군,강원 양구군 방산면 장거리길 18
2,강원춘천시석사점,강원도,춘천시,강원 춘천시 우석로 79번길4-1
3,강원춘천시퇴계점,강원도,춘천시,강원 춘천시 춘주로 187번길20-4
4,강원홍천군시동점,강원도,홍천군,강원 홍천군 남면 시동안로 321번길34-2
5,강원인제군신남점,강원도,인제군,강원 인제군 남면 신남로 23
6,강원춘천시교동후평점,강원도,춘천시,강원 춘천시 성심로 23-1
7,강원인제군인제점,강원도,인제군,강원 인제군 인제읍 인제로 197-1
8,강원화천군산양리점,강원도,화천군,강원 화천군 상서면 영서로 7740-4
9,강원양구군동면점,강원도,양구군,강원 양구군 동면 금강산로 1681
10,강원강릉시포남1점,강원도,강릉시,강원 강릉시 성덕포남로 169
11,강원영월군영월점,강원도,영월군,강원 영월군 영월읍 은행나무길 58
12,강원강릉시초당점,강원도,강릉시,강원 강릉시 초당원길 19
13,강원원주시단계점,강원도,원주시,강원 원주시 원문로 146
14,강원원주시명륜점,강원도,원주시,강원 원주시 남산로 30
15,강원태백시태백점,강원도,태백시,강원 태백시 황지로 238
16,강원원주시단관점,강원도,원주시,강원 원주시 단관초교길 7
17,강원속초시교동점,강원도,속초시,강원 속초시 동해대로 4270
18,강원속초시조양점,강원도,속초시,강원 속초시 동해대로 3996
19,강원원주시문막점,강원도,원주시,강원 원주시 문막읍 건등로 40-3
20,강원동해시부곡점,강원도,동해시,강원 동해시 발한로 96
21,강원양양군양양점,강원도,양양군,강원 양양군 양양읍 양양로 83-1
22,강원양양군하조대점,강원도,양양군,강원 양양군 현북면 조준길 6
23,강원철원군지경리점,강원도,철원군,강원 철원군 갈말읍 청양로 81-1
24,강원인제군서화점(B),강원도,인제군,강원 인제군 서화면 천도로 126번길6
25,강원화천군다목리점,강원도,화천군,강원 화천군 상서면 수피령로 1306
26,강원평창군진부점,강원도,평창군,강원 평창군 진부면 진부중앙로 50
27,강원동해시망상점,강원도,동해시,강원 동해시 동해대로 6270-31
28,강원철원군자등리점,강원도,철원군,강원 철원군 서면 자등로 578
29,강원홍천군대명비발디점,강원도,홍천군,강원 홍천군 서면 한치골길 48
30,강원화천군화천점,강원도,화천군,강원 화천군 화천읍 중앙 로5
31,강원강릉시내곡점,강원도,강릉시,강원 강릉시 범일로 579번길49-2
32,강원속초시금호점,강원도,속초시,강원 속초시 미시령로 3473
33,강원원주시무실점,강원도,원주시,강원 원주시 섬밭들2길16-2
34,강원동해시천곡점,강원도,동해시,강원 동해시 한섬로 18
35,강원동해시효가점,강원도,동해시,강원 동해시 동해대로 5033
36,강원태백시장성점,강원도,태백시,강원 태백시 장성로 43-2
37,강원원주시태장점,강원도,원주시,강원 원주시 북원로 2704-4
38,강원평창군대관령점,강원도,평창군,강원 평창군 대관령면 경강로 5166
39,강원평창군장평점,강원도,평창군,강원 평창군 용평면 경강로 1663-1
40,강원정선군정선점,강원도,정선군,강원 정선군 정선읍 봉양6길28
41,경기포천시운천점,경기도,포천시,경기 포천시 영북면 운천로 23
42,강원철원군동송점,강원도,철원군,강원 철원군 동송읍 금학로 202
43,강원철원군와수리점,강원도,철원군,강원 철원군 서면 와수로 181번길7-16
44,강원강릉시홍제점,강원도,강릉시,강원 강릉시 홍제로 33
45,강원평창군봉평점,강원도,평창군,강원 평창군 봉평면 태기로 68
46,강원강릉시솔올점,강원도,강릉시,강원 강릉시 원대로 155
47,강원강릉시입암점,강원도,강릉시,강원 강릉시 강변로 410번길36
48,강원강릉시사천해변점,강원도,강릉시,강원 강릉시 사천면 진리해변길 99
49,강원춘천시효자점,강원도,춘천시,강원 춘천시 서부대성로 194
50,강원춘천시칠전송암점,강원도,춘천시,강원 춘천시 옛경춘로 492
51,강원인제군현리점,강원도,인제군,강원 인제군 기린면 내린천로 3905-1
52,강원양구군양구점,강원도,양구군,강원 양구군 양구읍 중앙길 12
53,강원철원군내대리점,강원도,철원군,강원 철원군 갈말읍 두루미로 414
54,강원원주시혁신도시점,강원도,원주시,강원 원주시 웅비2길 8
55,강원춘천시강북점,강원도,춘천시,강원 춘천시 충열로 78-3
56,강원원주시반곡봉산점,강원도,원주시,강원 원주시 반곡길 47
57,강원삼척시교동점,강원도,삼척시,강원 삼척시 정상로 10-6
58,강원강릉시주문진점,강원도,강릉시,강원 강릉시 주문진읍 주문로 11
59,강원횡성군횡성점,강원도,횡성군,강원 횡성군 횡성읍 읍하로 25번길14
60,강원화천군사내점,강원도,화천군,강원 화천군 사내면 사내로 31
61,강원철원군신철원점,강원도,철원군,강원 철원군 갈말읍 삼부연로 17번길3-14
62,서울도봉구신창점,서울특별시,도봉구,서울 도봉구 덕릉로 60길161
63,경기파주시선유점,경기도,파주시,경기 파주시 문산읍 독서울1길22
64,경기양주시광적점,경기도,양주시,경기 양주시 광적면 삼일로 23
65,경기연천군전곡점,경기도,연천군,경기도 연천군 전곡읍 은전로 78번길30
66,경기동두천시생연점,경기도,동두천시,경기 동두천시 삼육사로 980
67,경기포천시신읍리점,경기도,포천시,경기 포천시 왕방로 159
68,경기양주시신산점,경기도,양주시,경기 양주시 남면 개나리11길38-4
69,서울강북구미아점,서울특별시,강북구,서울 강북구 삼양로 54길119
70,경기의정부시의정부1점,경기도,의정부시,경기 의정부시 호국로 1298번길18
71,경기양주시덕계점,경기도,양주시,경기 양주시 평화로 1412
72,경기양주시장흥점,경기도,양주시,경기 양주시 장흥면 호국로 177
73,서울성동구행당1점,서울특별시,성동구,서울 성동구 왕십리로21길25
74,서울노원구상계1점,서울특별시,노원구,서울 노원구 동일로 237다길7
75,경기연천군대광리점,경기도,연천군,경기 연천군 신서면 연신로 1155-1
76,서울은평구불광점,서울특별시,은평구,서울 은평구 불광로 197
77,서울용산구원효점,서울특별시,용산구,서울 용산구 새창로14길22
78,경기고양시풍동점,경기도,고양시,경기 고양시 일산동구 숲속마을2로106-2
79,경기고양시주교점,경기도,고양시,경기 고양시 덕양구 원당로 69번길14
80,경기의정부시금오지구점,경기도,의정부시,경기 의정부시 청사로 5번길8-17
81,서울성북구정릉점,서울특별시,성북구,서울 성북구 보국문로 90
82,서울서대문구홍제1점,서울특별시,서대문구,서울 서대문구 통일로 39길22-4
83,경기고양시중산점,경기도,고양시,경기 고양시 일산동구 탄중로 417번길7-3
84,경기양주시송추점,경기도,양주시,경기 양주시 장흥면 호국로 569
85,서울중랑구묵2동점,서울특별시,중랑구,서울 중랑구 동일로 163길36
86,경기고양시라페스타점,경기도,고양시,경기 고양시 일산동구 무궁화로 7-45
87,경기파주시봉일천점,경기도,파주시,경기 파주시 조리읍 송비말길 22
88,서울동대문구용두1호점,서울특별시,동대문구,서울 동대문구 정릉천동로 58
89,경기포천시양문점,경기도,포천시,경기 포천시 영중면 양문로 87-1
90,서울마포구망원점,서울특별시,마포구,서울 마포구 포은로 68
91,서울노원구공릉점,서울특별시,노원구,서울 노원구 공릉로 42길21
92,서울동대문구신이문점,서울특별시,동대문구,서울 동대문구 한천로 421-1
93,서울노원구상계마들점,서울특별시,노원구,서울 노원구 한글비석로 54길116
94,경기파주시문산점,경기도,파주시,경기 파주시 문산읍 문향로 30
95,경기고양시성석점,경기도,고양시,경기 고양시 일산동구 고봉로 604-32동101호
96,서울성북구보문점,서울특별시,성북구,서울 성북구 보문로 47
97,경기고양시행신3점,경기도,고양시,경기 고양시 덕양구 화신로 101상가동103호
98,서울서대문구이대역점,서울특별시,서대문구,서울 서대문구 연세로 2길84
99,서울중랑구망우점,서울특별시,중랑구,서울 중랑구 용마산로 493
100,경기고양시식사동점,경기도,고양시,경기 고양시 일산동구 위시티3로 53-5
101,경기양주시고읍지구점,경기도,양주시,경기 양주시 고읍로 35번길29-7
102,서울광진구화양점,서울특별시,광진구,서울 광진구 아차산로 21길43
103,경기연천군연천점,경기도,연천군,경기 연천군 연천읍 연천로 330
104,경기고양시주엽1점,경기도,고양시,경기 고양시 일산서구 대산로 58
105,서울광진구자양2점,서울특별시,광진구,서울 광진구 뚝섬로 52가길6
106,서울광진구어린이대공원점,서울특별시,광진구,서울 광진구 광나루로 521
107,서울은평구역촌점,서울특별시,은평구,서울 은평구 역말로 7길3-2
108,서울강북구수유점,서울특별시,강북구,서울 강북구 삼양로 74길18
109,경기포천시이동점,경기도,포천시,경기 포천시 이동면 장암1길9-1
110,서울은평구신사점,서울특별시,은평구,서울 은평구 증산로 17길8-1
111,서울강북구삼각산점,서울특별시,강북구,서울 강북구 삼양로 19길74
112,경기동두천시송내지구점,경기도,동두천시,경기 동두천시 동두천로 149
113,서울중랑구면목1동점,서울특별시,중랑구,서울 중랑구 사가정로 49길43
114,서울노원구상계2점,서울특별시,노원구,서울 노원구 상계로 9가길17
115,경기양주시덕정점,경기도,양주시,경기 양주시 화합로 1402번길24-50
116,서울도봉구방학1점,서울특별시,도봉구,서울 도봉구 도당로 27길20
117,경기고양시대화점,경기도,고양시,경기 고양시 일산서구 강성로 214번길16-4
118,서울성북구동소문점,서울특별시,성북구,서울 성북구 아리랑로 5길39
119,경기의정부시장암점,경기도,의정부시,경기 의정부시 장곡로 322번길14-9
120,서울동대문구청량리점,서울특별시,동대문구,서울 동대문구 홍릉로 50
121,경기포천시내촌점,경기도,포천시,경기 포천시 내촌면 내촌로 26
122,서울도봉구방학2점,서울특별시,도봉구,서울 도봉구 방학로 117
123,경기연천군백학점,경기도,연천군,경기 연천군 백학면 두백로 11-6
124,경기양주시백석점,경기도,양주시,경기 양주시 백석읍 호명로 22
125,경기의정부시신곡점,경기도,의정부시,경기 의정부시 시민로 176
126,서울성북구장위2동점,서울특별시,성북구,서울 성북구 돌곶이로 27길59-3
127,서울성북구석관점(B),서울특별시,성북구,서울 성북구 한천로 76길20
128,서울성동구한양점,서울특별시,성동구,서울 성동구 마조로 59
129,경기포천시일동점,경기도,포천시,경기 포천시 일동면 화동로 1063번길1-2
130,서울성북구월곡점,서울특별시,성북구,서울 성북구 오패산로 46
131,서울성동구금호점,서울특별시,성동구,서울 성동구 독서당로 315-4
132,서울은평구응암점,서울특별시,은평구,서울 은평구 응암로 286
133,서울동대문구전농2점,서울특별시,동대문구,서울 동대문구 답십리로 23길9
134,경기고양시행신2점,경기도,고양시,경기 고양시 덕양구 무원로 6무원빌딩111호
135,경기의정부시금오점,경기도,의정부시,경기 의정부시 하금로 25번길5
136,경기고양시백마점,경기도,고양시,경기 고양시 일산동구 경의로 309
137,경기고양시덕이점,경기도,고양시,경기 고양시 일산서구 탄중로 101번길60
138,서울종로구창신점(B),서울특별시,종로구,서울 종로구 지봉로 62
139,경기의정부시호원점,경기도,의정부시,경기 의정부시 평화로 428번길14
140,경기파주시광탄점,경기도,파주시,경기 파주시 광탄면 새뜰길 7
141,경기동두천시중앙점,경기도,동두천시,경기 동두천시 동광로 81번길15
142,서울광진구중곡2점,서울특별시,광진구,서울 광진구 동일로 64길14
143,경기고양시신원점,경기도,고양시,경기 고양시 덕양구 권율대로 831103
144,서울광진구자양점,서울특별시,광진구,서울 광진구 능동로 10길109
145,서울마포구서교점,서울특별시,마포구,서울 마포구 월드컵북로 7길11
146,서울강북구번동점,서울특별시,강북구,서울 강북구 오현로 31길129
147,서울마포구성산점,서울특별시,마포구,서울 마포구 월드컵북로 27길19
148,서울동대문구휘경1점,서울특별시,동대문구,서울 동대문구 한천로 244-11
149,서울서대문구남가좌점,서울특별시,서대문구,서울 서대문구 증가로 10길5
150,서울마포구광흥창역점,서울특별시,마포구,서울 마포구 독막로 156
151,경기의정부시망월사역점,경기도,의정부시,경기 의정부시 평화로 196
152,서울광진구군자송정점,서울특별시,광진구,서울 광진구 동일로 52길15
153,경기의정부시가능3점,경기도,의정부시,경기 의정부시 호국로 1135번길25
154,서울성북구길음점,서울특별시,성북구,서울 성북구 삼양로 12길5
155,경기포천시송우점,경기도,포천시,경기 포천시 소흘읍 봉솔로3길17
156,경기고양시관산점,경기도,고양시,경기 고양시 덕양구 통일로 780번길16
157,서울노원구하계1점,서울특별시,노원구,서울 노원구 공릉로 59가길28
158,서울마포구상암점(B),서울특별시,마포구,서울 마포구 월드컵북로 47길46
159,서울서대문구연희점,서울특별시,서대문구,서울 서대문구 연희로 90
160,경기파주시금촌2동점,경기도,파주시,경기 파주시 황골로 69
161,서울용산구숙대점,서울특별시,용산구,서울 용산구 청파로 333
162,경기고양시고양동점,경기도,고양시,경기 고양시 덕양구 혜음로 56
163,서울중구중림점,서울특별시,중구,서울 중구 중림로 10
164,서울용산구이촌점,서울특별시,용산구,서울 용산구 이촌로 46
165,경기고양시화정2점,경기도,고양시,경기도 고양시 덕양구 화정로 86
166,서울도봉구창동점,서울특별시,도봉구,서울 도봉구 덕릉로 59마길40
167,서울은평구녹번점,서울특별시,은평구,서울 은평구 백련산로 160
168,경기의정부시신시가지점,경기도,의정부시,경기 의정부시 범골로 82번길30
169,경기파주시적성점,경기도,파주시,경기 파주시 적성면 청송로 1020
170,서울용산구보광점,서울특별시,용산구,서울 용산구 보광로 52-1
171,서울마포구홍대역점,서울특별시,마포구,서울특별시 마포구 동교로 192
172,서울종로구종로점,서울특별시,종로구,서울 종로구 수표로 26길12파고다빌딩1층
173,경기파주시법원점,경기도,파주시,경기 파주시 법원읍 사임당로 791
174,경기파주시운정1점,경기도,파주시,경기 파주시 와석순환로 307
175,서울마포구공덕점,서울특별시,마포구,서울 마포구 만리재로 86
176,서울도봉구쌍문점,서울특별시,도봉구,서울 도봉구 노해로 38길7
177,경기고양시가좌점,경기도,고양시,경기 고양시 일산서구 가좌1로38
178,서울동대문구회기점,서울특별시,동대문구,서울 동대문구 회기로 25길17-9
179,서울도봉구도봉산역점,서울특별시,도봉구,서울 도봉구 도봉산3길 37
180,서울중랑구면목3점,서울특별시,중랑구,서울 중랑구 용마산로 89길16
181,경기고양시일산점,경기도,고양시,경기 고양시 일산서구 원일로 45번길10
182,서울중구을지로점,서울특별시,중구,서울 중구 퇴계로 51길19
183,서울은평구갈현1점,서울특별시,은평구,서울 은평구 연서로 29길30-5
184,경기파주시LCD점,경기도,파주시,경기 파주시 월롱면 엘씨디로 8번길34
185,서울동대문구전농점,서울특별시,동대문구,서울 동대문구 답십리로51길35
186,서울강북구수유2점,서울특별시,강북구,서울 강북구 삼각산로 99
187,서울중랑구중화점,서울특별시,중랑구,서울 중랑구 동일로 123길91
188,서울성북구종암점(B),서울특별시,성북구,서울 성북구 종암로 19길37
189,경기고양시화정1점,경기도,고양시,경기 고양시 덕양구 화중로 130번길5-37
190,경기의정부시민락용현점,경기도,의정부시,경기 의정부시 용현로 120번길3
191,서울서대문구북가좌2점,서울특별시,서대문구,서울 서대문구 증가로 211
192,경기의정부시가능2점,경기도,의정부시,경기 의정부시 가능로 39번길10
193,서울노원구중계4동점,서울특별시,노원구,서울 노원구 덕릉로 89길9
194,서울은평구구산점,서울특별시,은평구,서울 은평구 갈현로 123
195,경기연천군군남점,경기도,연천군,경기 연천군 군남면 군왕로 8
196,서울중랑구용마산역점,서울특별시,중랑구,서울 중랑구 면목로 21길22
197,경기고양시성사점,경기도,고양시,경기 고양시 덕양구 마상로 169
198,서울성동구성수2가점,서울특별시,성동구,서울 성동구 성덕정길 27
199,경기양주시은현점,경기도,양주시,경기 양주시 은현면 은현로 61
200,서울서대문구연대점,서울특별시,서대문구,서울 서대문구 연세로 7안길7
201,서울은평구대조점,서울특별시,은평구,서울 은평구 통일로 73길28-1
202,서울마포구염리점,서울특별시,마포구,서울 마포구 마포대로 11길921층
203,경기파주시운정3점,경기도,파주시,경기 파주시 한빛로 9
204,서울광진구중곡1점,서울특별시,광진구,서울 광진구 면목로 148
205,서울성북구성신여대점(B),서울특별시,성북구,서울 성북구 보문로 26길83-191층
206,서울중구신당2점,서울특별시,중구,서울 중구 청구로 17길77
207,서울종로구광화문점(B),서울특별시,종로구,서울 종로구 사직로 8길20
208,서울노원구상계중앙점,서울특별시,노원구,서울 노원구 덕릉로459-37상계주공1단지가상
209,서울종로구독립문점,서울특별시,종로구,서울 종로구 통일로 262
210,서울중랑구면목2점,서울특별시,중랑구,서울 중랑구 망우로 30길34
211,서울노원구중계2동점,서울특별시,노원구,서울 노원구 동일로 207길18
212,경기의정부시녹양점(B),경기도,의정부시,경기 의정부시 녹양로 62번길72
213,경기고양시능곡점,경기도,고양시,경기 고양시 덕양구 행당로2
214,서울서대문구홍은1점,서울특별시,서대문구,서울 서대문구 간호대로 16
215,서울중랑구상봉1점,서울특별시,중랑구,서울 중랑구 봉화산로52길73
216,경기포천시가산점,경기도,포천시,경기 포천시 가산면 가산로 324
217,서울중랑구신내1점,서울특별시,중랑구,서울 중랑구 신내로 135
218,서울마포구마포역점,서울특별시,마포구,서울 마포구 새창로 52현대아파트상가제12동
219,서울서초구반포1점,서울특별시,서초구,서울 서초구 반포대로 316
220,서울금천구시흥2점,서울특별시,금천구,서울 금천구 금하로 756
221,서울동작구대방점,서울특별시,동작구,서울 동작구 등용로 127
222,서울동작구신대방점,서울특별시,동작구,서울 동작구 여의대방로 28
223,서울서초구방배1호점,서울특별시,서초구,서울 서초구 방배로 27길18-4
224,서울영등포구여의도점,서울특별시,영등포구,서울 영등포구 의사당대로 108
225,서울관악구신림2점,서울특별시,관악구,서울 관악구 신림로 158
226,서울영등포구영등포점,서울특별시,영등포구,서울 영등포구 영신로 9길3-1
227,서울송파구거여점,서울특별시,송파구,서울 송파구 성내천로 136
228,서울동작구상도1점,서울특별시,동작구,서울 동작구 상도로 50길9
229,서울영등포구대림3점,서울특별시,영등포구,서울 영등포구 도림로 53길34-1
230,서울송파구삼전점,서울특별시,송파구,서울 송파구 삼전로6길 4
231,서울동작구노량진점,서울특별시,동작구,서울 동작구 만양로 8길50
232,서울강남구개포1점,서울특별시,강남구,서울 강남구 개포로 25길12
233,서울서초구양재점,서울특별시,서초구,서울 서초구 동산로 46
234,서울영등포구여의도2호점,서울특별시,영등포구,서울 영등포구 국제금융로 7길32
235,서울서초구잠원점,서울특별시,서초구,서울 서초구 나루터로 68
236,서울영등포구신풍역점,서울특별시,영등포구,서울 영등포구 대방천로 222-1
237,서울관악구인헌점,서울특별시,관악구,서울 관악구 인헌길 58
238,서울서초구우면점,서울특별시,서초구,서울 서초구 형촌길 15
239,서울송파구잠실본점,서울특별시,송파구,서울 송파구 백제고분로 7길24-27
240,서울영등포구영등포푸르지오점,서울특별시,영등포구,서울 영등포구 양산로 177
241,서울관악구신림점,서울특별시,관악구,서울 관악구 문성로 215
242,서울송파구석촌점,서울특별시,송파구,서울 송파구 가락로 55
243,서울관악구봉천중앙점,서울특별시,관악구,서울 관악구 남부순환로 231길16
244,서울송파구가락2점,서울특별시,송파구,서울 송파구 송이로 19길5
245,서울송파구문정장지점,서울특별시,송파구,서울 송파구 새말로 147
246,서울송파구오금점(B),서울특별시,송파구,서울 송파구 마천로 184
247,서울금천구가산독산1동점,서울특별시,금천구,서울 금천구 가산로 3길55
248,서울금천구독산점,서울특별시,금천구,서울 금천구 남부순환로 126길69
249,서울송파구가락점,서울특별시,송파구,서울 송파구 오금로44길20
250,서울서초구방배본동점,서울특별시,서초구,서울 서초구 방배중앙로 25길24
251,서울서초구반포2점,서울특별시,서초구,서울 서초구 강남대로 85길21-8
252,서울서초구서초2점,서울특별시,서초구,서울 서초구 효령로 46길14
253,서울강남구역삼충현점,서울특별시,강남구,서울 강남구 봉은사로 26길28
254,서울서초구서초1호점,서울특별시,서초구,서울 서초구 효령로 77길18
255,서울관악구신림남부점,서울특별시,관악구,서울 관악구 남부순환로 143길16
256,서울관악구난곡점,서울특별시,관악구,서울 관악구 미성3길8
257,서울강남구신사점,서울특별시,강남구,서울 강남구 논현로 159길25
258,서울강남구도곡점,서울특별시,강남구,서울 강남구 도곡로 28길8
259,서울송파구풍납점,서울특별시,송파구,서울 송파구 풍성로 26길51
260,서울동작구사당이수점,서울특별시,동작구,서울 동작구 사당로 27길64
261,서울관악구봉천현대점(B),서울특별시,관악구,서울 관악구 봉천로 441
262,서울영등포구대림점(B),서울특별시,영등포구,서울 영등포구 디지털로 398
263,서울송파구송파방이2점,서울특별시,송파구,서울 송파구 가락로 36길15
264,서울서초구서초중앙점,서울특별시,서초구,서울 서초구 서초중앙로 24길55111호
265,서울강남구논현1점,서울특별시,강남구,서울 강남구 강남대로 126길38
266,서울금천구금천점,서울특별시,금천구,서울 금천구 은행나무로 22
267,서울강남구청담점,서울특별시,강남구,서울 강남구 삼성로 145길14
268,서울송파구위례점,서울특별시,송파구,서울 송파구 위례광장로 193
269,서울송파구잠실1점,서울특별시,송파구,서울 송파구 올림픽로 35가길11
270,서울강남구대치점,서울특별시,강남구,서울 강남구 삼성로 417
271,서울강남구역삼1점,서울특별시,강남구,서울 강남구 논현로 67길48
272,서울강남구세곡자곡점,서울특별시,강남구,서울 강남구 자곡로 202
273,서울동작구중대점,서울특별시,동작구,서울 동작구 흑석로 7길6-1
274,서울동작구상도2호점(B),서울특별시,동작구,서울 동작구 성대로 75
275,서울송파구잠실새내역점,서울특별시,송파구,서울 송파구 올림픽로 119
276,서울영등포구신길점,서울특별시,영등포구,서울 영등포구 가마산로 404
277,서울강남구수서점,서울특별시,강남구,서울 강남구 광평로 51길22
278,경기과천시과천1점,경기도,과천시,경기 과천시 별양로 85
279,서울관악구봉천점,서울특별시,관악구,서울 관악구 은천로 9길14
280,서울양천구신정점,서울특별시,양천구,서울 양천구 신목로 12길17
281,서울강서구염창점,서울특별시,강서구,서울 강서구 양천로 637
282,서울강서구방화2점,서울특별시,강서구,서울 강서구 금낭화로 26
283,경기광명시하안점,경기도,광명시,경기 광명시 하안로 254
284,서울양천구신정1동점,서울특별시,양천구,서울 양천구 은행정로 16-1
285,서울구로구구로1점,서울특별시,구로구,서울 구로구 구로동로 35길40
286,서울강서구화곡본동점,서울특별시,강서구,서울 강서구 초록마을로 2길54
287,서울강서구등촌3동점,서울특별시,강서구,서울 강서구 공항대로 41길65
288,경기안양시평촌1호점,경기도,안양시,경기 안양시 동안구 달안로 153
289,경기광명시철산점,경기도,광명시,경기 광명시 도덕공원로 68
290,경기안양시비산1호점,경기도,안양시,경기 안양시 동안구 경수대로 970-16
291,서울강서구까치산점,서울특별시,강서구,서울 강서구 강서로 12길40
292,서울강서구화곡남부시장점,서울특별시,강서구,서울 강서구 곰달래로 53길50
293,경기안양시석수점,경기도,안양시,경기 안양시 만안구 석천로 167-3
294,서울강서구화곡1동점,서울특별시,강서구,서울 강서구 가로공원로 76길95
295,서울양천구신월1동점,서울특별시,양천구,서울 양천구 가로공원로 148
296,경기안양시안양2호점,경기도,안양시,경기 안양시 만안구 냉천로 22
297,서울강서구등촌2동점,서울특별시,강서구,서울 강서구 등촌로 51가길47
298,경기안양시호계갈산점,경기도,안양시,경기 안양시 동안구 경수대로610번길66
299,경기광명시소하점,경기도,광명시소하로,경기 광명시소하로 189
300,서울양천구양천구청점,서울특별시,양천구,서울 양천구 목동남로 2길15
301,경기안양시호계오전점,경기도,안양시,경기 안양시 동안구 포도원로 27
302,경기광명시광명KTX역점,경기도,광명시,경기 광명시 덕안로 77번길5
303,서울강서구가양1점(B),서울특별시,강서구,서울 강서구 양천로 443-32
304,서울양천구화곡3동점,서울특별시,양천구,서울 양천구 월정로 42길9
305,서울구로구남구로점,서울특별시,구로구,서울 구로구 도림로 12길24
306,경기광명시광명사거리점,경기도,광명시,경기 광명시 오리로 985번안길7
307,서울강서구방화1점,서울특별시,강서구,서울 강서구 양천로 24가길3
308,서울양천구신월2점,서울특별시,양천구,서울 양천구 오목로 77
309,서울양천구목4동점,서울특별시,양천구,서울 양천구 목동중앙서로 23
310,경기안양시호계2호점,경기도,안양시,경기 안양시 동안구 전파로 88
311,서울강서구수명산파크점,서울특별시,강서구,서울 강서구 강서로 47길108
312,서울구로구오류1점,서울특별시,구로구,서울 구로구 부일로 953
313,서울양천구신월점,서울특별시,양천구,서울 양천구 신월로 99
314,서울구로구구로테크노마트점,서울특별시,구로구,서울 구로구 새말로 102
315,서울구로구고척1점,서울특별시,구로구,서울 구로구 경서로 45
316,경기광명시철산역점,경기도,광명시,경기 광명시 광덕산로5푸르지오하늘채아파트종합
317,경기안양시박달점,경기도,안양시,경기 안양시 만안구 양화로 148번길15
318,서울구로구근린공원점,서울특별시,구로구,서울 구로구 고척로 27길115
319,서울구로구신도림점,서울특별시,구로구,서울 구로구 신도림로 11길43
320,경기안양시관양지구점,경기도,안양시,경기 안양시 동안구 관악대로 374번길19
321,경기안양시관양비산점,경기도,안양시,경기 안양시 동안구 평촌대로 382
322,경기광명시광명시장점,경기도,광명시,경기 광명시 광이로 32
323,경기안양시평촌2호점,경기도,안양시,경기 안양시 동안구 관평로 138번길24
324,경기안양시안양1호점,경기도,안양시,경기 안양시 만안구 냉천로 175번길6
325,경기부천시송내점,경기도,부천시,경기 부천시 소사구 송내대로 30번길71
326,경기김포시양곡점,경기도,김포시,경기 김포시 김9로121
327,인천동구동인천송현점,인천광역시,동구,인천 동구 화도로 15
328,인천부평구부개점,인천광역시,부평구,인천 부평구 길주남로 101번길4-19
329,경기시흥시월곶점,경기도,시흥시,경기 시흥시 월곶중앙로 90
330,인천남동구논현점,인천광역시,남동구,인천 남동구 논곡로 79
331,경기부천시범박점,경기도,부천시,경기 부천시 소사구 소사동로 93
332,경기부천시원종점,경기도,부천시,경기 부천시 오정구 소사로 775번길50
333,인천계양구계산점,인천광역시,계양구,인천 계양구 용마루길 20
334,경기부천시심곡점,경기도,부천시,경기 부천시 소사구 심곡로 67번길67
335,경기부천시소사점,경기도,부천시,경기 부천시 소사구 은성로 68번길23
336,경기부천시역곡점,경기도,부천시,경기 부천시 원미구 역곡로 20번길86
337,인천남구주안점,인천광역시,남구,인천 남구 인주대로 489
338,경기부천시원미점,경기도,부천시,경기 부천시 원미구 조마루로 386번길26
339,인천남구주안역점,인천광역시,남구,인천 남구 주안로 201
340,경기부천시오정점,경기도,부천시,경기 부천시 오정구 부천로 478번길60
341,경기김포시김포1호점,경기도,김포시,경기 김포시 관순로 28
342,경기부천시역곡남부점,경기도,부천시,경기 부천시 소사구 부광로 23
343,인천부평구부평중앙점,인천광역시,부평구,인천 부평구 장제로 84번길6
344,인천부평구청천점,인천광역시,부평구,인천 부평구 마장로 364번길7-1
345,인천서구가좌점,인천광역시,서구,인천 서구 여우재로 109
346,경기김포시고촌점,경기도,김포시,경기 김포시 고촌읍 은행영사정로 35102
347,경기김포시풍무점,경기도,김포시,경기 김포시 양도로 18
348,경기김포시장기점,경기도,김포시,경기 김포시 김포한강3로290-16
349,인천서구검암점,인천광역시,서구,인천 서구 도요지로 189번길104
350,인천강화군강화1점,인천광역시,강화군,인천 강화군 강화읍 강화대로 362
351,인천부평구부평남부점,인천광역시,부평구,인천 부평구 남부역로 3
352,인천남동구간석점(B),인천광역시,남동구,인천 남동구 구월로 131번길52
353,인천연수구송도신도시점,인천광역시,연수구,인천 연수구 해돋이로 107
354,경기부천시심곡북부점,경기도,부천시,경기 부천시 원미구 부흥로 430
355,경기시흥시거모점(B),경기도,시흥시,경기 시흥시 한우물로 25
356,인천서구마전점,인천광역시,서구,인천 서구 검단로 623번길17
357,인천중구월미점,인천광역시,중구,인천 중구 월미로 223
358,인천중구하늘도시점,인천광역시,중구,인천 중구 하늘달빛로 95
359,인천연수구선학점,인천광역시,연수구,인천 연수구 선학로 90
360,경기시흥시시화점,경기도,시흥시,경기 시흥시 중심상가로 39
361,인천서구신현점(B),인천광역시,서구,인천 서구 율도로 77번길12
362,인천옹진군백령점,인천광역시,옹진군,인천 옹진군 백령면 백령로 272-1
363,인천남동구논현택지점(B),인천광역시,남동구,인천 남동구 소래역서로 10-28
364,인천남구문학관교점,인천광역시,남구,인천 남구 매소홀로 576번길5-9
365,경기시흥시정왕점,경기도,시흥시,경기 시흥시 정왕천로 427번길6-1102호
366,경기시흥시은행점,경기도,시흥시,경기 시흥시 은행로 167번길3
367,경기부천시상동북부점,경기도,부천시,경기 부천시 원미구 송내대로 265번길37
368,인천부평구부일점,인천광역시,부평구,인천 부평구 경인로 1092번길17-1
369,인천남동구서창1점,인천광역시,남동구,인천 남동구 서창남순환로 108
370,인천남구제물포점,인천광역시,남구,인천 남구 수봉안길 13번길2
371,인천연수구송도3동점,인천광역시,연수구,인천 연수구 송도문화로 28번길28
372,경기시흥시능곡점,경기도,시흥시,경기 시흥시 장현능곡로 178
373,인천연수구연수2동3동점,인천광역시,연수구,인천 연수구 샘말로 87번길1
374,인천서구청라1호점,인천광역시,서구,인천 서구 청라라임로 138번길4-9
375,인천계양구작전점,인천광역시,계양구,인천 계양구 주부토로 447
376,인천부평구십정점,인천광역시,부평구,인천 부평구 열우물로 62-1
377,경기부천시고강점,경기도,부천시,경기 부천시 오정구 역곡로 444
378,경기시흥시신천점(B),경기도,시흥시,경기 시흥시 신천로 100번안길10
379,인천계양구계양점,인천광역시,계양구,인천 계양구 임학서로 18
380,인천연수구동춘점,인천광역시,연수구,인천 연수구 먼우금로 83번길49
381,경기김포시마송점,경기도,김포시,경기 김포시 통진읍 조강로 102
382,경기시흥시목감점,경기도,시흥시,경기 시흥시 논곡길 1
383,인천부평구갈산점(B),인천광역시,부평구,인천 부평구 굴포로 81-1
384,경기부천시중동1점,경기도,부천시,경기 부천시 중동로 171번길13-1
385,인천부평구삼산1동점,인천광역시,부평구,인천 부평구 대보로 24번길12
386,경기시흥시연성2지구점,경기도,시흥시,경기 시흥시 장곡로 15
387,인천계양구효성점(B),인천광역시,계양구,인천 계양구 새벌로 130
388,인천연수구옥련점(B),인천광역시,연수구,인천 연수구 한나루로 87주문빌딩301호
389,인천남구주안2점,인천광역시,남구,인천 남구 인주대로 319번길38
390,인천동구송림점,인천광역시,동구,인천 동구 동산로 89
391,인천서구석남점,인천광역시,서구,인천 서구 면개포로 13-1
392,경기부천시여월점,경기도,부천시,경기 부천시 오정구 삼작로 335
393,인천부평구부평롯데점,인천광역시,부평구,인천 부평구 경원대로 1367번길12
394,인천서구연희점,인천광역시,서구,인천 서구 승학로 199-1
395,인천남동구구월점,인천광역시,남동구,인천 남동구 용천로 27
396,경기부천시상동점,경기도,부천시,경기 부천시 원미구 조마루로 105번길8-8
397,인천부평구산곡점,인천광역시,부평구,인천 부평구 화랑남로 9번길20
398,인천계양구동양점,인천광역시,계양구,인천 계양구 당미길 인천계양구당미1길7
399,인천서구당하점,인천광역시,서구,인천 서구 원당대로 675
400,인천계양구계산중앙점(B),인천광역시,계양구,인천 계양구 게양대로194번길18
401,경기시흥시오이도역점,경기도,시흥시,경기 시흥시 함송로 24
402,경기부천시중동약대점,경기도,부천시,경기 부천시 원미구 도약로 221번길64
403,인천연수구청학점,인천광역시,연수구,인천 연수구 비류대로 239번길25
404,인천남구용현점,인천광역시,남구,인천 남구 아암대로 45번길83-8
405,인천남구학익점,인천광역시,남구,인천 남구 소성로 175-16
406,경기시흥시배곧1점,경기도,시흥시,경기 시흥시 배곧4로 32-27
407,인천남동구만수2점,인천광역시,남동구,인천 남동구 백범로180번길114
408,인천중구운서점,인천광역시,중구,인천 중구 영종대로 278번길50
409,인천남동구만수1점,인천광역시,남동구,인천 남동구 하촌로 48
410,경기남양주시오남리점,경기도,남양주시,경기 남양주시 오남읍 진건오남로 595-22
411,경기남양주시금곡점,경기도,남양주시,경기 남양주시 경춘로 992번길1
412,경기양평군양평점,경기도,양평군,경기 양평군 양평읍 양근로 120
413,경기남양주시사능점,경기도,남양주시,경기 남양주시 진건읍 진건오남로 86번길36
414,경기구리시인창점,경기도,구리시,경기 구리시 건원대로 99번길80
415,경기남양주시덕소점(B),경기도,남양주시,경기 남양주시 와부읍 덕소로 284번길10-7
416,경기남양주시월산점,경기도,남양주시,경기 남양주시 화도읍 경춘로 2186
417,경기가평군청평점,경기도,가평군,경기 가평군 청평면 잠곡로 3
418,경기가평군가평점,경기도,가평군,경기 가평군 가평읍 석봉로 230
419,경기이천시갈산점,경기도,이천시,경기 이천시 영창로 314번길51
420,경기여주시여주점,경기도,여주시,경기 여주시 여흥로 157
421,경기가평군현리점,경기도,가평군,경기 가평군 하면 현창로 38번길2
422,경기남양주시호평점,경기도,남양주시,경기도 남양주시 천마산로 16번길2
423,경기광주시태전점,경기도,광주시,경기 광주시 태봉로 20
424,경기여주시가남점,경기도,여주시,경기 여주군 가남면 경충대로 1162-20
425,경기남양주시수동점,경기도,남양주시,경기 남양주시 수동면 비룡로 788
426,경기하남시덕풍점,경기도,하남시,경기 하남시 신평로 101번길27
427,경기구리시수택점,경기도,구리시,경기 구리시 원수택로 45
428,경기양평군용문점,경기도,양평군,경기 양평군 용문면 다문북길 105
429,경기남양주시도농점,경기도,남양주시,경기 남양주시 미금로 42번길20-1
430,경기성남시이매점,경기도,성남시,경기 성남시 분당구 성남대로 779번길52
431,경기남양주시별내점,경기도,남양주시,경기 남양주시 별내3로 63
432,서울강동구성내1점,서울특별시,강동구,서울 강동구 천호옛14길34
433,서울강동구강일점,서울특별시,강동구,서울 강동구 아리수로 94길19
434,경기광주시오포2호점,경기도,광주시,경기 광주시 오포읍 오포로 347
435,서울강동구암사2점,서울특별시,강동구,서울 강동구 고덕로 28길10-5
436,경기남양주시평내점,경기도,남양주시,경기 남양주시 경춘로 1286번안길24
437,경기양평군용두리점,경기도,양평군,경기 양평군 청운면 용두로 141
438,경기남양주시덕소2호점,경기도,남양주시,경기 남양주시 와부읍 수레로 59
439,서울강동구천호2동점,서울특별시,강동구,서울 강동구 올림픽로 78길15-4
440,서울강동구둔촌점,서울특별시,강동구,서울 강동구 천호대로 182길41
441,경기성남시서현점(B),경기도,성남시,경기 성남시 분당구 중앙공원로 54234동104호
442,경기성남시정자점,경기도,성남시,경기 성남시 분당구 백현로 152
443,경기성남시정자2호점,경기도,성남시,경기 성남시 분당구 정자로 143
444,서울강동구천호1점,서울특별시,강동구,서울 강동구 구천면로 284
445,경기남양주시퇴계원점,경기도,남양주시,경기 남양주시 퇴계원면 퇴계원로 78번길3-2
446,경기가평군북면점,경기도,가평군,경기 가평군 북면 화악산로 11번길5
447,경기광주시신현점,경기도,광주시,경기 광주시 오포읍 신현로 44-10102호
448,경기성남시구미점,경기도,성남시,경기 성남시 분당구 미금로45
449,경기하남시신장점,경기도,하남시,경기 하남시 하남대로 777번길37
450,경기남양주시창현점,경기도,남양주시,경기 남양주시 화도읍 수레로 1234-26
451,경기성남시수진점,경기도,성남시,경기 성남시 수정구 산성대로 157번길27-2
452,경기광주시곤지암점,경기도,광주시,경기 광주시 곤지암읍 평촌길 30-21
453,경기성남시서판교점,경기도,성남시,경기 성남시 분당구 판교로 25번길22-6
454,경기남양주시진접지구점,경기도,남양주시,경기 남양주시 진접읍 해밀예당2로125
455,경기성남시위례중앙점,경기도,성남시,경기 성남시 수정구 위례서일로 3길 4
456,경기광주시광주점,경기도,광주시,경기 광주시 통미로 60
457,경기이천시아미점,경기도,이천시,경기 이천시 부발읍 경충대로 2039
458,서울강동구명일점(B),서울특별시,강동구,서울 강동구 동남로 67길22
459,경기양평군한화리조트점,경기도,양평군,경기 양평군 옥천면 신촌길 188
460,경기남양주시별내2호점,경기도,남양주시,경기 남양주시 두물로 39번길22-14
461,경기성남시야탑점,경기도,성남시,경기 성남시 분당구 매화로 48번길12-6
462,경기이천시관고동점,경기도,이천시,경기 이천시 영창로 66
463,경기여주시오학점,경기도,여주시,경기 여주시 학동 1길 53
464,경기성남시태평점,경기도,성남시,경기 성남시 수정구 탄리로 132번길9
465,경기성남시성남점,경기도,성남시,경기 성남시 중원구 원터로 105번길8
466,경기남양주시천마산점,경기도,남양주시,경기 남양주시 화도읍 먹갓로 28번길15
467,경기구리시교문점,경기도,구리시,경기 구리시 안골로 20번길6
468,경기하남시미사1점,경기도,하남시,경기도 하남시 미사강변한강로 220번길27
469,경기성남시단대오거리점,경기도,성남시,경기 성남시 중원구 자혜로 8번길20
470,경기성남시상대원점,경기도,성남시,경기 성남시 중원구 박석로 93번길2-1
471,경기성남시동판교점(B),경기도,성남시,경기 성남시 분당구 동판교로 52번길17-4
472,경기남양주시다산진건점,경기도,남양주시,경기 남양주시 다산순환로 325
473,서울강동구길동1점,서울특별시,강동구,서울 강동구 진황도로 47길15
474,경기성남시수내점(B),경기도,성남시,경기 성남시 분당구 발이봉북로 24번길1
475,경기광주시양벌점,경기도,광주시,경기 광주시 오포읍 양촌안길40
476,경기오산시운암1점,경기도,오산시,경기 오산시 운천로 99
477,경기안산시월피점,경기도,안산시,경기 안산시 상록구 예술광장로1로48
478,경기오산시궐동점,경기도,오산시,경기 오산시 궐동로 69번길7
479,경기평택시포승점,경기도,평택시,경기 평택시 포승읍 여술로 43번길19
480,경기화성시안녕점,경기도,화성시,경기 화성시 화산중앙로 64번길3
481,경기안산시초지점,경기도,안산시,경기 안산시 단원구 초지로 128
482,경기화성시향남1지구점,경기도,화성시,경기 화성시 향남읍 행정서로2길 14-18
483,경기오산시세교신도시점,경기도,오산시,경기 오산시 오산대역로 132번길30
484,경기평택시팽성점(B),경기도,평택시,경기 평택시 팽성읍 팽성대교길 14
485,경기군포시군포점,경기도,군포시,경기 군포시 군포로 490번길12
486,경기군포시금정점,경기도,군포시,경기 군포시 당산로 197번길4
487,경기군포시대야미점,경기도,군포시,경기 군포시 대야로 경기도군포시대야1로13
488,경기군포시산본목련점,경기도,군포시,경기 군포시 고산로 643번길9
489,경기수원시영통1호점,경기도,수원시,경기 수원시 영통구 매영로 398번길4
490,경기수원시우만점,경기도,수원시,경기 수원시 팔달구 중부대로 223번길20-7
491,경기용인시신갈점,경기도,용인시,경기 용인시 기흥구 용구대로 2152번길39
492,경기용인시용인1호점,경기도,용인시,경기 용인시 처인구 중부대로 1343번길10-17
493,경기의왕시내손동점,경기도,의왕시,경기 의왕시 복지 로82
494,경기의왕시부곡점,경기도,의왕시,경기 의왕시 부곡중앙남6길86
495,경기용인시모현점,경기도,용인시,경기 용인시 처인구 모현면 백옥대로 2594
496,경기수원시매교세류점,경기도,수원시,경기 수원시 팔달구 효원로 73
497,경기수원시정자2동점,경기도,수원시,경기 수원시 장안구 수성로 245번길30
498,경기용인시죽전1호점,경기도,용인시,경기 용인시 수지구 푸른솔로 81
499,경기용인시구성점,경기도,용인시,경기 용인시 기흥구 마북로 98
500,경기안산시본오1호점,경기도,안산시,경기 안산시 상록구 반석로 80
501,경기화성시병점1호점,경기도,화성시,경기 화성시 경기대로 1010번길18
502,경기안산시신도시점,경기도,안산시,경기 안산시 단원구 광덕3로215
503,경기평택시지산점,경기도,평택시,경기 평택시 지산로 108-6
504,경기평택시청북점,경기도,평택시,경기 평택시 청북면 안청로 1길12
505,경기수원시매탄권선점,경기도,수원시,경기 수원시 영통구 권선로 811
506,경기안산시와동점,경기도,안산시,경기 안산시 단원구 선부로 244
507,경기안산시선부1점,경기도,안산시,경기 안산시 단원구 화정천서로 3길8-1
508,경기오산시원동갈곶점,경기도,오산시,경기 오산시 밀머리로 29
509,경기용인시상현점,경기도,용인시,경기 용인시 수지구 만현로 100
510,경기용인시수지2지구점,경기도,용인시,경기 용인시 수지구 정평로 40-3
511,경기용인시풍덕천점,경기도,용인시,경기 용인시 수지구 풍덕천로 172번길3-15
512,경기평택시이충장당점,경기도,평택시,경기 평택시 서정역로36번길70-9
513,경기화성시남양점,경기도,화성시,경기 화성시 남양시장로 60
514,경기평택시안중점,경기도,평택시,경기 평택시 안중읍 안현로서3길91
515,경기안산시사동점,경기도,안산시,경기 안산시 상록구 감골2로 47
516,경기화성시향남2지구점,경기도,화성시,경기 화성시 향남읍 한절이2길14
517,경기평택시용이지구점,경기도,평택시,경기 평택시 현신로 212
518,경기수원시세류2호점,경기도,수원시,경기 수원시 권선구 덕영대로 1152번길38
519,경기용인시서천점,경기도,용인시,경기 용인시 기흥구 서천서로 12번길4-10
520,경기안산시중앙점(B),경기도,안산시,경기 안산시 단원구 예술대학로 147
521,경기안산시선부1동점,경기도,안산시,경기 안산시 단원구 선부광장서로 1길5바동108호
522,경기군포시산본역점(B),경기도,군포시,경기 군포시 쟁골길 경기도군포시쟁골2길16
523,경기수원시신영통점,경기도,수원시,경기 수원시 영통구 태장로 7번길6
524,경기용인시보라점,경기도,용인시,경기 용인시 기흥구 한보라로14번길7-19
525,경기화성시동탄1호점,경기도,화성시,경기 화성시 동탄반송3길 36-1
526,경기화성시동탄2호점,경기도,화성시,경기 화성시 동탄반석로 39
527,경기수원시곡반정점,경기도,수원시,경기 수원시 권선구 곡선로 50번길22-10
528,경기수원시호매실점,경기도,수원시,경기 수원시 권선구 매실로 34
529,경기수원시매탄2동점,경기도,수원시,경기 수원시 영통구 산남로 74
530,경기용인시백암점,경기도,용인시,경기 용인시 백암로 201번길13-4
531,경기수원시구운탑동점,경기도,수원시,경기 수원시 권선구 구운로 57번길3
532,경기수원시정자1동점,경기도,수원시,경기 수원시 장안구 대평로 162번길50
533,경기수원시조원점,경기도,수원시,경기 수원시 장안구 조원로 107
534,경기수원시율천점,경기도,수원시,경기 수원시 장안구 율전로 80번길5
535,경기용인시양지점,경기도,용인시,경기 용인시 처인구 양지면 남곡로 35
536,경기화성시팔탄점,경기도,화성시,경기 화성시 팔탄면 구장길 7
537,경기수원시신매탄점,경기도,수원시,경기 수원시 영통구 매탄로 140번길54-2
538,경기용인시둔전점(B),경기도,용인시,경기 용인시 처인구 포곡읍 포곡로 124번길9
539,경기안산시일동점,경기도,안산시,경기 안산시 상록구 식물원로 4길7
540,경기용인시죽전2호점,경기도,용인시,경기 용인시 수지구 죽전로 255
541,경기수원시인계점,경기도,수원시,경기 수원시 팔달구 장다리로 245번길21
542,경기화성시동탄청계점,경기도,화성시,경기 화성시 동탄치 동천로 3길 28-1
543,경기화성시와우리점(B),경기도,화성시,경기 화성시 봉담읍 와우로 119번길36-5
544,경기평택시세교점,경기도,평택시,경기 평택시 세교상가길 경기평택시세교상가5길22
545,경기안산시신길지구점,경기도,안산시,경기 안산시 단원구 도일로 24
546,경기수원시영화점(B),경기도,수원시,경기 수원시 장안구 장안로 30
547,경기화성시봉담점,경기도,화성시,경기 화성시 봉담읍 오래2길5102호
548,경기용인시강남대점,경기도,용인,경기 용인 기흥구 강남동로 114번길22
549,경기수원시권선점(B),경기도,수원시,경기 수원시 권선구 권중로 50번길26-3102호
550,경기용인시흥덕지구점(B),경기도,용인시,경기 용인시 기흥구 흥덕1로50
551,경기평택시비전1호점,경기도,평택시,경기 평택시 중앙로 213
552,경기수원시화서점,경기도,수원시,경기 수원시 팔달구 팔달로 119번길34-1
553,경기용인시신봉점,경기도,용인시,경기 용인시 수지구 신봉1로48번길11뉴골드프라자
554,경기수원시광교1호점,경기도,수원시,경기 수원시 영통구 법조로 149번길171
555,경기평택시소사벌점,경기도,평택시,경기 평택시 비전6길 28-5
556,경기수원시연무점(B),경기도,수원시,경기 수원시 장안구 연무로 33
557,경기안산시본오2호점,경기도,안산시,경기 안산시 상록구 본원로 2길3
558,경기화성시동탄역점,경기도,화성시,경기 화성시 동탄대로 21가길4-31
559,경기안산시원곡점,경기도,안산시,경기 안산시 단원구 원선로 55
560,경기수원시화서꽃뫼점(B),경기도,수원시,경기 수원시 팔달구 일월로 18번길4-13
561,경기수원시고색오목점,경기도,수원시,경기 수원시 권선구 고산로 27번길43
562,경기용인시동백지구점,경기도,용인시,경기 용인시 기흥구 평촌2로 1번길9-1
563,경기수원시인계중앙점,경기도,수원시,경기 수원시 팔달구 권광로 243
564,경기화성시동탄3호점,경기도,화성시,경기 화성시 여울로 21
565,충남아산시온천점,충청남도,아산시,충남 아산시 문화로 충청남도아산시번영로147-1
566,충남천안시쌍용1점,충청남도,천안시,충남 천안시 서북구 쌍용9길10-1
567,충남천안시두정1점,충청남도,천안시,충남 천안시 서북구 부성1길40-6
568,충남당진군합덕점,충청남도,당진시,충남 당진시 합덕읍 중동1길40
569,충남천안시신방1점,충청남도,천안시,충남 천안시 동남구 새말4길5
570,충남홍성군홍성점,충청남도,홍성군,충남 홍성군 홍성읍 문화로 110
571,충남천안시직산점,충청남도,천안시,충남 천안시 서북구 직산읍 아랫말2길9
572,충남천안시구성점,충청남도,천안시,충남 천안시 동남구 삼룡천2길9
573,충남계룡시계룡점,충청남도,계룡시,충남 계룡시 엄사면 번영로 74
574,충남아산시배방점,충청남도,아산시,충남 아산시 배방읍 배방로 173번길14-7
575,충남아산시용화점,충청남도,아산시,충남 아산시 시민로 258번길3-5
576,충남연기군조치원점,세종특별자치시,세종시,세종시 조치원읍 신흥샛터길 41
577,충남아산시신창점,충청남도,아산시,충남 아산시 서부북로 953
578,충남천안시병천북면점,충청남도,천안시,충남 천안시 동남구 충절로 1456
579,충남태안군태안1점,충청남도,태안군,충남 태안군 태안읍 군청10길12
580,충남천안시신부점,충청남도,천안시,충남 천안시 동남구 천안천8길53-1
581,충남아산시장존점,충청남도,아산시,충남 아산시 외암로 1245
582,충남천안시입장점,충청남도,천안시,충남 천안시 서북구 입장면 입장로 135
583,충남보령시대천점,충청남도,보령시,충남 보령시 대천로 74
584,충남예산군예산점,충청남도,예산군,충남 예산군 예산읍 역전로 113
585,충남논산시연무점,충청남도,논산시,충남 논산시 연무읍 연무로 183
586,충남공주시금학점,충청남도,공주시,충남 공주시 우금티로 547
587,충남천안시안서점,충청남도,천안시,충남 천안시 동남구 중암샛길 13
588,충남당진시당진2점,충청남도,당진시,충남 당진시 원당로 45
589,충남서천군서면점,충청남도,서천군,충남 서천군 서면 공암남촌길 169
590,충남홍성군내포신도시점,충청남도,홍성군,충남 홍성군 홍북면 의향로 289번길에이원프라자105호
591,충남논산시논산항공학교,충청남도,논산시,충청남도 논산시 노성면 송당리 5-5
592,충남천안시신방초원점,충청남도,천안시,충남 천안시 동남구 수곡로 22
593,충남당진시석문점,충청남도,당진시,충남 당진시 석문면 대호만로 1748
594,충남당진시송악점,충청남도,당진시,충남 당진시 송악읍 도고머리길 12
595,충남금산군금산점(B),충청남도,금산군,충남 금산군 금산읍 금산로 1491
596,충남서천군서천점(B),충청남도,서천군,충남 서천군 서천읍 서천로 94
597,충남천안시신방통정점,충청남도,천안시,충남 천안시 동남구 풍세로 809
598,충남예산군삽교점,충청남도,예산군,충남 예산군 삽교로 76
599,충남보령시대천해수욕장점,충청남도,보령시,충남 보령시 해수욕장10길 6
600,충남아산시음봉점,충청남도,아산시,충남 아산시 음봉면 음봉로 841
601,충남천안시불당점,충청남도,천안시,충남 천안시 서북구 불당7길33
602,충남서산시읍내점,충청남도,서산시,충남 서산시 부춘로24-5
603,충남천안시쌍봉점,충청남도,천안시,충남 천안시 서북구 봉서5길17
604,충남서산시성연점,충청남도,서산시,충남 서산시 성연면 성연3로 35
605,충남보령시무창포해수욕장점,충청남도,보령시,충남 보령시 웅천읍 열린바다로 342
606,충남서산시동문점,충청남도,서산시,충남 서산시 율지8로 52
607,충남논산시논산1점(B),충청남도,논산시,충남 논산시 시민로 258번길7
608,세종시한솔동세종첫마을점,세종특별자치시,세종시,세종시 누리로 59
609,충남아산시영인점,충청남도,아산시,충남 아산시 영인면 영인로 84-1
610,충남부여군부여점,충청남도,부여군,충남 부여군 부여읍 사비로 72번길18
611,충남공주시신관점,충청남도,공주시,충남 공주시 번영로 충남공주시번영1로97-12
612,충남천안시두정대아점,충청남도,천안시,충남 천안시 서북구 두정중11길22
613,세종시아름동아름점,세종특별자치시,보듬로,세종 보듬로 세종특별자치시보듬3로95
614,충남당진군당진점,충청남도,당진시,충남 당진시 당진중앙2로59-12
615,충남태안군안면점,충청남도,태안군,충남 태안군 안면읍 장터로 99-3
616,충남천안시성환점,충청남도,천안시,충남 천안시 서북구 성환읍 신선동길 20
617,세종시대평동보람점,세종특별자치시,시청대로,세종특별자치시 시청대로 20
618,충남아산시장재점,충청남도,아산시,충남 아산시 배방읍 새아산로 20-8
619,충북충주시한국교통대점,충청북도,충주시,충북 충주시 대소원면 대학로 28
620,충북단양군단양점,충청북도,단양군,충북 단양군 단양읍 삼봉로 278-1
621,충북음성군음성점,충청북도,음성군,충북 음성군 음성읍 시장로 78
622,충북충주시수안보점,충청북도,충주시,충북 충주시 수안보면 온천중앙길 32
623,경기안성시안성1점(B),경기도,안성시,경기 안성시 안성맞춤대로 1104
624,경기안성시홍익점,경기도,안성시,경기 안성시 금광면 신양복길 1
625,충북증평군증평점,충청북도,증평군,충북 증평군 증평읍 충청대로 1758
626,충북단양군매포읍점,충청북도,단양군,충북 단양군 매포읍 단양로 1922
627,충북충주시칠금점,충청북도,충주시,충북 충주시 칠금중앙2길 20
628,경기안성시중앙대점(B),경기도,안성시,경기 안성시 대덕면 중앙대학로 1461층
629,충북괴산군괴산점,충청북도,괴산군,충북 괴산군 괴산읍 읍내로 13길17
630,충북제천시강제점,충청북도,제천시,충북 제천시 청풍호로 10안길9
631,충북음성군생극점,충청북도,음성군,충북 음성군 생극면 음성로 1639-1
632,충북제천시제천1점,충청북도,제천시,충북 제천시 숭문로 100
633,충북음성군맹동점,충청북도,음성군,충북 음성군 맹동면 덕금로 409번길4
634,충북충주시목행동량점,충청북도,충주시,충북 충주시 행정길 충북충주시행정9길32
635,충북충주시대소원면점,충청북도,충주시,충북 충주시 대소원면 새터1길9
636,충북충주시충주3점,충청북도,충주시,충북 충주시 중원대로 3393
637,충북충주시신니면점,충청북도,충주시,충북 충주시 신니면 덕고개로 4
638,경기안성시일죽점,경기도,안성시,경기 안성시 일죽면 금일로 476-1
639,충북제천시신백점,충청북도,제천시,충북 제천시 신백로 14길12
640,충북음성군대소점,충청북도,음성군,충북 음성군 대소면 오태로 137번길23
641,충북진천군광혜원점(B),충청북도,진천군,충북 진천군 광혜원면 화랑1길 7
642,충북제천시청전점,충청북도,제천시,충북 제천시 의림대로 31길 22
643,충북진천군덕산점(B),충청북도,진천군,충북 진천군 덕산면 용몽2길17-5
644,충북진천군진천점,충청북도,진천군,충북 진천군 진천읍 중앙서로 90
645,충북음성군맹동혁신도시점,충청북도,음성군,충북 음성군 대하로 273지음프라자2차107
646,충북음성군삼성점(B),충청북도,음성군,충북 음성군 삼성면 덕정로 48
647,충북음성군금왕점(B),충청북도,음성군,충북 음성군 금왕읍 무극로 324번길19
648,충북충주시충주1점,충청북도,충주시,충북 충주시 금제길 충북충주시금제6길1
649,경기안성시공도2점,경기도,안성시,경기 안성시 공도읍 공도3로 34-1
650,충북충주시충주2점,충청북도,충주시,충북 충주시 형설로 110-1
651,경기안성시동아방송대점,경기도,안성시,경기 안성시 삼죽면 동아예대길 61-3
652,경기안성시죽산점,경기도,안성시,경기 안성시 죽산면 중부길 39
653,충북충주시건대점,충청북도,충주시,충북 충주시 충열길 충북충주시충열4길6
654,충북청주시용암점,충청북도,청주시,충북 청주시 상당구 낙영로 4번길18
655,충북청주시가경1점,충청북도,청주시,충북 청주시 흥덕구 풍년로 111번길22-5
656,충북청주시하복대점,충청북도,청주시,충북 청주시 흥덕구 진재로 27번길36-6
657,충북청주시사직점,충청북도,청주시,충북 청주시 서원구 호국로 16
658,대전유성구원내점,대전광역시,유성구,대전 유성구 진잠로 78번길56
659,대전서구만년점,대전광역시,서구,대전 서구 만년남로 11번길13
660,대전유성구노은점,대전광역시,유성구,대전 유성구 반석로 12번길25
661,충북청주시강내점,충청북도,청주시,충북 청주시 흥덕구 강내면 월곡길 16
662,대전서구가장내동점,대전광역시,서구,대전 서구 도산로253번길33
663,대전동구한남대막시무스점,대전광역시,대덕구,대전 대덕구 한남로 85
664,대전유성구봉명구암점,대전광역시,유성구,대전 유성구 대학로 34
665,충북청주시율량점,충청북도,청주시,충북 청주시 청원구 공항로 112번길34
666,충북옥천군옥천점,충청북도,옥천군,충북 옥천군 옥천읍 성신로 48
667,대전동구가양비래점,대전광역시,동구,대전 동구 우암로 331
668,대전서구갈마점,대전광역시,서구,대전 서구 계룡로 500번길86
669,대전동구우송대점,대전광역시,동구,대전 동구 동대전로 213
670,대전유성구송강봉산점,대전광역시,유성구,대전 유성구 봉산로 32
671,충북청주시개신점,충청북도,청주시,충북 청주시 서원구 신율로 61
672,대전중구중촌목동점,대전광역시,중구,대전 중구 목동로 8번길77
673,대전서구도마점,대전광역시,서구,대전 서구 사마길 대전광역시서구사마1길28
674,충북청주시오송점,충청북도,청주시,충북 청주시 흥덕구 오송읍 연제길 7
675,충북청주시내수점,충청북도,청주시,충북 청주시 청원구 내수읍 은곡묵방길 52-10
676,대전중구부사점,대전광역시,중구,대전 중구 보문로 92
677,충북청주시분평점(B),충청북도,청주시,충북 청주시 서원구 1순환로 1109
678,충북청주시사천점,충청북도,청주시,충북 청주시 청원구 새터로 187
679,충북청주시강서가경2점(B),충청북도,청주시,충북 청주시 흥덕구 서현중로 16
680,충북청주시용담광장점,충청북도,청주시,충북 청주시 상당구 산성로 112번길18
681,대전서구월평점,대전광역시,서구,대전 서구 월평중로 24번길30
682,충북청주시산남3지구성화점,충청북도,청주시,충북 청주시 서원구 원흥로 14
683,대전유성구테크노점,대전광역시,유성구,대전 유성구 관들길 대전유성구관들5길47
684,대전서구도안신도시점,대전광역시,서구,대전 서구 도안북로 118번길81
685,대전대덕구법동점,대전광역시,대덕구,대전 대덕구 계족로 608번길16
686,충북청주시용암2점(B),충청북도,청주시,충북 청주시 상당구 중고개로 240번길3
687,대전중구문화점,대전광역시,중구,대전 중구 보문산로 171번길39
688,충북청주시오창점,충청북도,청주시,충북 청주시 청원구 오창읍 연구단지로 21
689,충북청주시산남점,충청북도,청주시,충북 청주시 서원구 수곡로 57번길17
690,대전서구행복점,대전광역시,서구,대전 서구 정림서로 162-18
691,대전대덕구송촌점(B),대전광역시,대덕구,대전 대덕구 송촌북로 4번길41
692,충북청주시청대점,충청북도,청주시,충북 청주시 청원구 상당로 232번길32
693,대전중구태평점,대전광역시,중구,대전 중구 태평로 118-1
694,대전동구용운판암점,대전광역시,동구,대전 동구 동부로 73번길135
695,대전유성구궁동어은점(B),대전광역시,유성구,대전 유성구 농대로 8
696,충북보은군보은점,충청북도,보은군,충북 보은군 보은읍 삼산로 33
697,충북청주시봉명점,충청북도,청주시,충북 청주시 흥덕구 백봉로 172
698,대전유성구전민점,대전광역시,유성구,대전 유성구 전민로 6번길27
699,충북영동군영동점,충청북도,영동군,충북 영동군 영동읍 학산영동로 1143
700,대전대덕구신탄진점,대전광역시,대덕구,대전 대덕구 신탄진동로 1
701,대전서구둔산점,대전광역시,서구,대전 서구 둔산남로 165번길16
702,대전유성구학하덕명점,대전광역시,유성구,대전 유성구 학하남로 3
703,대전동구가오점,대전광역시,동구,대전 동구 은어송로 116
704,대전서구탄방점,대전광역시,서구,대전 서구 문정로 2번길51
705,대구달성군화원점,대구광역시,달성군,대구 달성군 화원읍 화암로 65
706,대구북구칠곡1점,대구광역시,북구,대구 북구 대천로 17길14
707,경북영주시영주2점,경상북도,영주시,경북 영주시 구성로 389로얄상가111호
708,대구달서구상인점,대구광역시,달서구,대구 달서구 상인로 47
709,경북구미시공단비산점,경상북도,구미시,경상북도 구미시 비산로5길 28
710,경북칠곡군중리점,경상북도,칠곡군,경북 칠곡군 석적읍 장곡길 123
711,경북안동시안동점,경상북도,안동시,경북 안동시 서동문로 86
712,대구수성구범어점,대구광역시,수성구,대구 수성구 범어로 20길13
713,경북칠곡군오태북삼점,경상북도,칠곡군,경북 칠곡군 북삼읍 금오대로 10길19
714,경북영주시풍기점,경상북도,영주시,경북 영주시 풍기읍 동성로 68
715,경북구미시상모사곡점,경상북도,구미시,경북 구미시 상사서로 12길3104호
716,경북구미시봉곡도량점,경상북도,구미시,경북 구미시 도봉로 3길3-3
717,대구달서구용산1점,대구광역시,달서구,대구 달서구 와룡로 51길65
718,대구수성구시지1점,대구광역시,수성구,대구 수성구 달구벌대로 627길22-25
719,대구달서구신월배점,대구광역시,달서구,대구 달서구 조암남로 27길30
720,대구동구효목점,대구광역시,동구,대구 동구 효목로 111
721,경북경산시영대점,경상북도,경산시,경북 경산시 대학로 61길6-5
722,대구달서구두류광장점,대구광역시,달서구,대구 달서구 야외음악당로 39안길48
723,경북안동시옥동송현점,경상북도,안동시,경북 안동시 광명로 126
724,경북경산시계양사동점,경상북도,경산시,경북 경산시 계양로 8길381층
725,경북경산시진량점,경상북도,경산시,경북 경산시 진량읍 영청길 15
726,경북상주시함창점,경상북도,상주시,경북 상주시 함창읍 함창시장길 경북상주시함창읍함창시장2길2
727,대구남구봉덕점,대구광역시,남구,대구 남구 봉덕로 11길25
728,경북청도군청도점,경상북도,청도군,경북 청도군 청도읍 청화로 150-1
729,경북안동시용상점,경상북도,안동시,경북 안동시 경동로 889
730,경북김천시아포점,경상북도,김천시,경북 김천시 아포읍 한지길 경북김천시아포읍한지2길64-4
731,대구북구태전점(B),대구광역시,북구,대구 북구 구암로 16길7
732,경북구미시선산점,경상북도,구미시,경북 구미시 선산읍 남문로 3길17
733,경북영주시휴천점,경상북도,영주시,경북 영주시 대학로 36
734,대구수성구시지사월점,대구광역시,수성구,대구 수성구 달구벌대로 669길20
735,대구달서구대곡진천점(B),대구광역시,달서구,대구 달서구 한실로 117
736,대구북구고성동점,대구광역시,북구,대구 북구 옥산로 9
737,경북김천시김천1점,경상북도,김천시,경북 김천시 김천로 24-1
738,대구동구율하점,대구광역시,동구,대구 동구 율하동로 8길25
739,대구동구신천동점,대구광역시,동구,대구 동구 국채보상로 861
740,대구달서구성당점(B),대구광역시,달서구,대구 달서구 감삼남길 171
741,경북구미시송정원평점,경상북도,구미시,경북 구미시 금오산로 22길15-14
742,대구남구대명2점,대구광역시,남구,대구 남구 성당시장길 59
743,경북상주시상주2호점,경상북도,상주시,경북 상주시 동수4길 33
744,대구수성구상동점,대구광역시,수성구,대구 수성구 수성로 15길34
745,대구달서구대곡역점,대구광역시,달서구,대구 달서구 비슬로 538길22
746,대구달성군서재점,대구광역시,달성군,대구 달성군 다사읍 서재로 99-1
747,대구달서구신당점,대구광역시,달서구,대구 달서구 신당로 24
748,경북고령군고령점,경상북도,고령군,경북 고령군 고령읍 시장길 경북고령군고령읍시장1길11
749,대구동구동호점,대구광역시,동구,대구 동구 동호로 40
750,대구북구관음읍내동점,대구광역시,북구,대구 북구 칠곡중앙대로 95길11
751,대구달성군논공점,대구광역시,달성군,대구 달성군 논공읍 논공중앙로 118
752,경북경산시하양점,경상북도,경산시,경북 경산시 하양읍 하양역길 18
753,대구수성구범물점,대구광역시,수성구,대구 수성구 지범로 290
754,경북김천시덕곡율곡점,경상북도,김천시,경북 김천시 영남대로 2040-6101호
755,대구달성군현풍점,대구광역시,달성군,대구 달성군 현풍면 테크노중앙대로 325-49
756,경북경산시서부백천점,경상북도,경산시,경북 경산시 경산로 28부영2차아파트상가103호
757,경북김천시신음삼락점,경상북도,김천시,경북 김천시 시청로 40112호
758,경북예천군예천점,경상북도,예천군,경북 예천군 예천읍 중앙로 24-1
759,대구달성군구지점,대구광역시,달성군,대구 달성군 구지면 창리중앙길 97
760,대구동구방촌점,대구광역시,동구,대구 동구 동촌로 58길21
761,대구서구내당대신동점,대구광역시,서구,대구 서구 달서로 12길28
762,대구달성군다사점,대구광역시,달성군,대구 달성군 다사읍 대실역북로 55
763,대구동구신암동점,대구광역시,동구,대구 동구 신암로 132
764,경북구미시임수황상점,경상북도,구미시,경북 구미시 인동북길 25
765,경북구미시원호도량1동점,경상북도,구미시,경북 구미시 고아읍 문장로 22길20103호
766,경북의성군의성점,경상북도,의성군,경북 의성군 의성읍 동서1길 72
767,대구달서구장기점,대구광역시,달서구,대구 달서구 구마로 12길14
768,대구동구불로봉무점,대구광역시,동구,대구 동구 팔공로길 대구동구팔공로51길23
769,대구남구대명남산점,대구광역시,남구,대구 남구 명덕로 28길12
770,대구북구만평점,대구광역시,서구,대구 서구 서대구로 62길51
771,대구달서구성서점,대구광역시,달서구,대구 달서구 선원로 37길16
772,대구수성구지산점,대구광역시,수성구,대구 수성구 용학로 35길35
773,대구달서구송현점,대구광역시,달서구,대구 달서구 월배로 74길39
774,대구북구사수금호점,대구광역시,북구,대구 북구 한강로 17
775,경북경산시옥산정평점,경상북도,경산시,경북 경산시 대학로 16길31
776,경북구미시옥계점,경상북도,구미시,경북 구미시 산호대로 25길26-3
777,경북구미시형곡점,경상북도,구미시,경북 구미시 형곡로 90
778,대구북구칠성점,대구광역시,북구,대구 북구 칠성로 88
779,대구서구평리점,대구광역시,서구,대구 서구 국채보상로 192
780,경북구미시산동확장단지점,경상북도,구미시,경북 구미시 산동면 신당인덕1로 139
781,대구중구동성로점,대구광역시,중구,대구 중구 공평로 97-1
782,대구달서구이월드점,대구광역시,달서구,대구 달서구 두류공원로 200
783,대구북구복현검단점,대구광역시,북구,대구 북구 경진로 1길31
784,대구달성군옥포점,대구광역시,달성군,대구 달성군 돌미로2길 1
785,경북문경시문경점,경상북도,문경시,경북 문경시 점촌로 8
786,대구수성구수성점(B),대구광역시,수성구,대구 수성구 신천동로 98길24
787,경북칠곡군왜관점,경상북도,칠곡군,경북 칠곡군 왜관읍 중앙로 경북칠곡군왜관읍2번도로길70-1
788,대구수성구황금점,대구광역시,수성구,대구 수성구 청수로 36길32
789,경북구미시인동점,경상북도,구미시,경북 구미시 인동길 경북구미시인동39길22-65
790,경북봉화군봉화점,경상북도,봉화군,경북 봉화군 봉화읍 내성로 1길41
791,대구북구동서변점,대구광역시,북구,대구 북구 서변로 26
792,경북울진군북면점,경상북도,울진군,경북 울진군 북면 울진북로 2120
793,경북포항시대이점,경상북도,포항시,경북 포항시 남구 대이로 112-3
794,경북경주시황성점,경상북도,경주시,경북 경주시 황성로 69번길38-6
795,경북포항시연일점,경상북도,포항시,경북 포항시 남구 연일읍 철강로 경북포항시남구연일읍연일로159번길25-1
796,경북포항시용흥점,경상북도,포항시,경북 포항시 북구 새마을로 92
797,경북포항시흥해점,경상북도,포항시,경북 포항시 북구 흥해읍 흥해로 26
798,경북포항시효곡점,경상북도,포항시,경북 포항시 남구 효자동길 10번길19
799,울산울주군남창점,울산광역시,울주군,울산 울주군 온양읍 연안4길18
800,경북포항시달전점,경상북도,포항시,경북 포항시 북구 흥해읍 도음로 877번길9
801,경북포항시송도점,경상북도,포항시,경북 포항시 남구 송림로 8
802,경북영천시야사점,경상북도,영천시,경북 영천시 망정로 60
803,경북경주시동천점,경상북도,경주시,경북 경주시 동천로 30번길14-2
804,울산울주군구영점,울산광역시,울주군,울산 울주군 범서읍 대리1길23-6
805,울산북구호계점,울산광역시,북구,울산 북구 동대8길12
806,경북포항시청하점,경상북도,포항시,경북 포항시 북구 청하면 청하로 217번길2
807,경북포항시양덕점,경상북도,포항시,경북 포항시 북구 양덕로 44번길32
808,경북울진군백암점,경상북도,울진군,경북 울진군 온정면 소태로 9-29
809,울산중구우정점,울산광역시,중구,울산 중구 유곡로 70
810,경북경주시강동점,경상북도,경주시,경북 경주시 강동면 동해대로 166-11
811,울산동구전하점,울산광역시,동구,울산 동구 진성13길92
812,경북울진군죽변점,경상북도,울진군,경북 울진군 죽변면 죽변북로 60
813,경북경주시충효점,경상북도,경주시,경북 경주시 충효녹지길 36-6
814,경북포항시우현점,경상북도,포항시,경북 포항시 북구 선착로 3-1
815,경북경주시안강점,경상북도,경주시,경북 경주시 안강읍 구부랑길 42
816,울산남구신정점,울산광역시,남구,울산 남구 월평로 58
817,울산중구병영점,울산광역시,중구,울산 중구 동천4길
818,울산남구옥동점,울산광역시,남구,울산 남구 문수로 423번길4-16
819,경북울진군후포점,경상북도,울진군,경북 울진군 후포면 삼율길 경북울진군후포면삼율6길16-14
820,울산남구야음점,울산광역시,남구,울산 남구 수암로 196번길7
821,울산남구무거2호점,울산광역시,남구,울산 남구 삼호로 55번길6
822,울산남구삼산점,울산광역시,남구,울산 남구 왕생로86번길 8
823,울산동구남목점,울산광역시,동구,울산 동구 미포4길38
824,울산북구화봉점(B),울산광역시,북구,울산 북구 두부곡14길 15
825,울산북구양정점,울산광역시,북구,울산 북구 염포로 517
826,울산울주군언양점(B),울산광역시,울주군,울산 울주군 언양읍 동부8길12
827,울산중구우정혁신점,울산광역시,중구,울산 중구 종가2길1-2
828,경북포항시두호점,경상북도,포항시,경북 포항시 북구 삼호로 245번길10
829,울산남구야음2점,울산광역시,남구,울산 남구 신선로 71-3
830,경북경주시내남점,경상북도,경주시,경북 경주시 이조중앙길 13-1
831,경북포항시해도점(B),경상북도,포항시,경북 포항시 남구 해동로 55-1
832,울산동구화정점(B),울산광역시,동구,울산 동구 월봉8길41
833,경북울진군울진점,경상북도,울진군,경북 울진군 울진읍 울진중앙로 56
834,울산동구방어점,울산광역시,동구,울산 동구 화잠2길4
835,울산북구강동점,울산광역시,북구,울산 북구 산하중앙2로 277
836,경북경주시건천점,경상북도,경주시,경북 경주시 건천읍 대곡용명길 24
837,경북경주시성건점,경상북도,경주시,경북 경주시 금성로 396번길5
838,경북포항시오천점,경상북도,포항시,경북 포항시 남구 오천읍 문덕로 경북포항시남구오천읍남원로53
839,울산남구울산대점,울산광역시,남구,울산 남구 대학로 43번길16
840,경북포항시죽도점,경상북도,포항시,경북 포항시 북구 중흥로 255번길13
841,울산남구달동점,울산광역시,남구,울산 남구 신정로 58번길32
842,경북영덕군영해점,경상북도,영덕군,경북 영덕군 영해면 예주시장길 16-1
843,경북영덕군영덕점,경상북도,영덕군,경북 영덕군 영덕읍 군청길 133
844,울산북구아진점,울산광역시,북구,울산 북구 가재길82
845,경북경주시금장점,경상북도,경주시,경북 경주시 현곡면 안현로 68-3
846,경북포항시장성점,경상북도,포항시,경북 포항시 북구 법원로 8번길16
847,울산중구약사점,울산광역시,중구,울산 중구 구교10길51
848,울산중구반구점,울산광역시,중구,울산 중구 염포로 78
849,울산중구다운점,울산광역시,중구,울산 중구 다운로 75
850,경북경주시외동점,경상북도,경주시,경북 경주시 입실로 1길58
851,경북포항시남부점,경상북도,포항시,경북 포항시 남구 상도로 56
852,부산부산진구양정점,부산광역시,부산진구,부산 부산진구 범양로 43
853,부산북구금곡점,부산광역시,북구,부산 북구 효열로 275번길49
854,부산부산진구당감부암1점,부산광역시,부산진구,부산 부산진구 백양순환로 28번길50
855,부산기장군기장점,부산광역시,기장군,부산 기장군 기장읍 차성로 277
856,부산금정구서동점,부산광역시,금정구,부산 금정구 서동로 93-1
857,부산금정구남산점,부산광역시,금정구,부산 금정구 중앙대로 2007번길39
858,부산금정구구서1점,부산광역시,금정구,부산 금정구 금강로 520
859,부산북구화명2점,부산광역시,북구,부산 북구 학사로 17번나길7
860,부산부산진구신개금점,부산광역시,부산진구,부산 부산진구 개금본동로 23번길22
861,부산동래구사직1점,부산광역시,동래구,부산 동래구 사직북로 57번길53
862,부산사하구다대1점,부산광역시,사하구,부산 사하구 윤공단로 17번길103
863,부산사상구학장엄궁점,부산광역시,사상구,부산 사상구 학감대로 123번길75
864,부산금정구부산대점,부산광역시,금정구,부산 금정구 금강로 327
865,부산서구부민충무점,부산광역시,서구,부산 서구 구덕로 124번길3
866,부산해운대구반송1점,부산광역시,해운대구,부산 해운대구 윗반송로 51번길27
867,부산금정구부곡1점,부산광역시,금정구,부산 금정구 중앙대로 1766번길16-1
868,부산사하구하단점(B),부산광역시,사하구,부산 사하구 낙동대로 542
869,부산수영구광안1점,부산광역시,수영구,부산 수영구 광안로 16번길58
870,부산사하구구평감천점,부산광역시,사하구,부산 사하구 서포로30번길 3강만빌딩1층102호
871,부산사하구다대2점,부산광역시,사하구,부산 사하구 다대로 339
872,부산북구덕천점,부산광역시,북구,부산 북구 덕천길 부산북구덕천2길45
873,부산남구문현점,부산광역시,남구,부산 남구 고동골로 22
874,부산연제구시청점,부산광역시,연제구,부산 연제구 중앙대로 1038번길64상가101호
875,부산부산진구초읍연지점,부산광역시,부산진구,부산 부산진구 성지로 93
876,부산사하구괴정행복점,부산광역시,사하구,부산 사하구 사리로 4
877,부산부산진구가야당감점,부산광역시,부산진구,부산 부산진구 가야대로 부산부산진구엄광로321
878,부산서구대신점,부산광역시,서구,부산 서구 망양로 28
879,부산영도구청학점,부산광역시,영도구,부산 영도구 태종로 358번길3
880,부산동래구명장점,부산광역시,동래구,부산 동래구 명안로 86번길30
881,부산해운대구반여2점,부산광역시,해운대구,부산 해운대구 선수촌로 153
882,부산해운대구송정점,부산광역시,해운대구,부산 해운대구 송정해변로 8-14
883,부산금정구부곡행복점,부산광역시,금정구,부산 금정구 부곡로 64
884,부산사상구주례점,부산광역시,사상구,부산 사상구 주례로 25
885,부산중구중부산점,부산광역시,중구,부산 중구 대청로 25번길4
886,부산사상구신주례점,부산광역시,사상구,부산 사상구 양지로 42
887,부산동구초량점,부산광역시,동구,부산 동구 초량북로 1
888,부산사하구신평점,부산광역시,사하구,부산 사하구 다대로142번길 16
889,부산영도구남항점,부산광역시,영도구,부산 영도구 남항로 24-2
890,부산연제구연산토곡점,부산광역시,연제구,부산 연제구 과정로 132번길32
891,부산사하구당리점,부산광역시,사하구,부산 사하구 제석로 114번길8
892,부산수영구망미점,부산광역시,수영구,부산 수영구 연수로 302번길4
893,부산강서구강서구청점,부산광역시,강서구,부산 강서구 대저로 274번길35
894,부산사상구모덕점,부산광역시,사상구,부산 사상구 사상로 342번길12
895,부산남구대연점,부산광역시,남구,부산 남구 유엔로 183번길35
896,부산남구감만점,부산광역시,남구,부산 남구 석포로 51
897,부산강서구명지국제신도시점,부산광역시,강서구,부산 강서구 명지국제8로 234 정우빌딩2차115
898,부산동래구온천3동점,부산광역시,동래구,부산 동래구 충렬대로 126번길19
899,부산해운대구우1점,부산광역시,해운대구,부산 해운대구 해운대해변로 141
900,부산해운대구해운대신도시1호점,부산광역시,해운대구,부산 해운대구 달맞이길 부산해운대구해운대로774번길30
901,부산북구구포1점,부산광역시,북구,부산 북구 시랑로 32
902,부산연제구연산로타리점,부산광역시,연제구,부산 연제구 거제천로 230번길25
903,부산부산진구가야개금1점,부산광역시,부산진구,부산 부산진구 냉정로 262-1
904,부산해운대구해운대행복점,부산광역시,해운대구,부산 해운대구 좌동순환로 99번길22
905,부산해운대구재송반여점,부산광역시,해운대구,부산 해운대구 재송2로 28번길6
906,부산해운대구해운대중동점,부산광역시,해운대구,부산 해운대구 좌동순환로 468번가길20
907,부산해운대구센텀점,부산광역시,해운대구,부산 해운대구 재반로 29
908,부산해운대구벡스코점,부산광역시,해운대구,부산 해운대구 해운대로 383번길25
909,부산북구만덕점,부산광역시,북구,부산 북구 덕천로 280
910,부산사하구괴정1점,부산광역시,사하구,부산 사하구 장평로 부산사하구괴정로235-1
911,부산사상구모라1점,부산광역시,사상구,부산 사상구 백양대로 960-1
912,부산기장군정관점,부산광역시,기장군,부산 기장군 정관면 구연로 42
913,부산동래구온천점,부산광역시,동래구,부산 동래구 차밭골로 27
914,부산동래구안락1점,부산광역시,동래구,부산 동래구 연안로 51번길81-3
915,부산연제구거제점,부산광역시,연제구,부산 연제구 월드컵대로 187번길23
916,부산남구용호행복점,부산광역시,남구,부산 남구 동명로 158번길104
917,부산동래구수민점,부산광역시,동래구,부산 동래구 명륜로 75번길31
918,부산영도구동삼점,부산광역시,영도구,부산 영도구 동삼로 59번길15
919,부산부산진구범천점,부산광역시,부산진구,부산 부산진구 신암로 66판매시설동106호
920,부산동구범일점,부산광역시,동구,부산 동구 자성로 116번길2
921,부산남구대연못골점,부산광역시,남구,부산 남구 진남로 36번길58
922,부산부산진구전포점,부산광역시,부산진구,부산 부산진구 동성로 51
923,부산남구용호점,부산광역시,남구,부산 남구 용호로 42번길14
924,부산강서구명지오션시티점,부산광역시,강서구,부산 강서구 명지오션시티로 부산강서구명지오션시티9로58
925,경남통영시북신점,경상남도,통영시,경남 통영시 북신동 해미당길 경남통영시북신동해미당화목토길화목토0
926,경남진주시신안점,경상남도,진주시,경남 진주시 진양호로 311-1
927,경남거제시장승포점,경상남도,거제시,경남 거제시 장승포로 16
928,경남거제시중곡점,경상남도,거제시,경남 거제시 중곡로 47
929,경남창원시월영점,경상남도,창원시,경남 창원시 마산합포구 월영북로 21
930,경남양산시북정점,경상남도,양산시,경남 양산시 북정중앙로 14
931,경남산청군덕산점,경상남도,산청군,경남 산청군 시천면 남명로 203-3
932,경남사천시삼천포점,경상남도,사천시,경남 사천시 벌리로 17
933,경남진주시중앙상봉점,경상남도,진주시,경남 진주시 진주성로 87
934,경남진주시상대점,경상남도,진주시,경남 진주시 돗골로 117번길4
935,경남김해시한림점,경상남도,김해시,경남 김해시 한림면 한림로 422번길4-2
936,경남창원시상남점,경상남도,창원시,경남 창원시 성산구 토월로 80
937,경남김해시삼계점,경상남도,김해시,경남 김해시 가야로 157번길17-18
938,경남진주시금산점,경상남도,진주시,경남 진주시 금산면 금산로 52번길4
939,경남함양군함양점,경상남도,함양군,경남 함양군 함양읍 용평3길 25-1
940,경남창원시내서삼계점,경상남도,창원시,경남 창원시 마산회원구 내서읍 삼계숲길 27
941,경남김해시삼방점,경상남도,김해시,경남 김해시 삼안로 158
942,경남양산시덕계1호점,경상남도,양산시,경남 양산시 평산남4길 8
943,경남창원시반송1호점,경상남도,창원시,경남 창원시 의창구 용지로153번길 10
944,경남김해시외동점,경상남도,김해시,경남 김해시 함박로 51
945,경남양산시범어점,경상남도,양산시,경남 양산시 물금읍 화합길 26
946,경남김해시진례점,경상남도,김해시,경남 김해시 진례면 송현로 57
947,경남마산시해운점,경상남도,창원시,경남 창원시 마산합포구 월영동길 경남창원시마산합포구월영동11길42
948,경남거제시옥포점,경상남도,거제시,경남 거제시 옥포대첩로 7길31
949,경남양산시서창점,경상남도,양산시,경남 양산시 삼호동부길 경남양산시삼호동부7길10
950,경남거제시상동점,경상남도,거제시,경남 거제시 거제중앙로 1793하람빌딩
951,경남창원시도계점,경상남도,창원시,경남 창원시 의창구 원이대로 69번길301층
952,경남고성군고성점,경상남도,고성군,경남 고성군 고성읍 성내로 27
953,경남함안군함안점,경상남도,함안군,경남 함안군 가야읍 함안대로 경남함안군가야읍함마대로1510
954,경남창원시봉곡점,경상남도,창원시,경남 창원시 의창구 봉곡로 56
955,경남김해시율하1점,경상남도,김해시,경남 김해시 율하로 경남김해시율하1로12
956,경남김해시진영점,경상남도,김해시,경남 김해시 진영읍 장등로 122번길5102호
957,경남하동군하동점,경상남도,하동군,경남 하동군 하동읍 중앙로 18
958,경남창원시진동점,경상남도,창원시,경남 창원시 마산합포구 진동면 삼진의거대로 639
959,경남거제시아주점,경상남도,거제시,경남 거제시 용소길 경남거제시용소1길94
960,경남창원시창동점,경상남도,창원시,경남 창원시 마산합포구 남성로 130-1
961,경남통영시죽림점,경상남도,통영시,경남 통영시 광도면 죽림해안로 46
962,경남창원시중앙여좌점,경상남도,창원시,경남 창원시 진해구 편백로 14번길12-1
963,경남함안군군북점,경상남도,함안군,경남 함안군 군북면 중암길 경남함안군군북면중암7길12
964,경남창원시회원점,경상남도,창원시,경남 창원시 마산회원구 북성로 166
965,경남진주시판문점,경상남도,진주시,경남 진주시 진양호로 123번길5
966,경남창원시소답점,경상남도,창원시,경남 창원시 의창구 읍성로 17번길8
967,경남사천시사천점(B),경상남도,사천시,경남 사천시 사천읍 읍내로 40-6
968,경남의령군의령점,경상남도,의령군,경남 의령군 의령읍 의병로 20길25-3
969,경남밀양시삼문점,경상남도,밀양시,경남 밀양시 미리벌중앙로 85 
970,경남함양군서하점,경상남도,함양군,경남 함양군 서하면 함양남서로 3938
971,경남창원시북면온천점,경상남도,창원시,경남 창원시 의창구 북면 천주로 1165번길21
972,경남김해시동상점,경상남도,김해시,경남 김해시 호계로 510
973,경남창원시명곡점,경상남도,창원시,경남 창원시 의창구 명지로 84번길9
974,경남창녕군남지점,경상남도,창녕군,경남 창녕군 난지읍 남지중앙2길 69103-1호
975,경남양산시어곡점,경상남도,양산시,경남 양산시 어실로 155
976,경남거제시거제면점,경상남도,거제시,경남 거제시 읍내로 45
977,경남창원시석전점,경상남도,창원시,경남 창원시 마산회원구 석전남8길 59
978,경남합천군합천점,경상남도,합천군,경남 합천군 합천읍 충효로 98-17
979,경남창원시가음점,경상남도,창원시,경남 창원시 성산구 가양로 48-1
980,경남창원시풍호점,경상남도,창원시,경남 창원시 진해구 풍호로 61
981,경남창원시동읍점,경상남도,창원시,경남 창원시 의창구 동읍 의창대로 868-1
982,경남창원시용원점,경상남도,창원시,경남 창원시 진해구 안골로 348
983,경남진주시도동점,경상남도,진주시,경남 진주시 대신로 363
984,경남진주시가호점,경상남도,진주시,경남 진주시 개양로 경남진주시진주대로542번길7
985,경남남해군남해점,경상남도,남해군,경남 남해군 남해읍 화전로 78번가길23
986,경남진주시망경점,경상남도,진주시,경남 진주시 진주대로 953번길10
987,경남거제시장평점,경상남도,거제시,경남 거제시 장평로 경남거제시장평2로2길10
988,경남양산시남부점,경상남도,양산시,경남 양산시 중앙로 경남양산시양주로42
989,경남창원시양덕1호점,경상남도,창원시,경남 창원시 마산회원구 양덕북길 경남창원시마산회원구양덕북10길8
990,경남진해시석동점,경상남도,창원시,경남 창원시 진해구 진해대로 801번길14
991,경남거창군거창1점,경상남도,거창군,경남 거창군 거창읍 아림로 47-1
992,경남통영시봉평미수점,경상남도,통영시,경남 통영시 서송정1길 32-3
993,경남창원시팔용점,경상남도,창원시,경남 창원시 의창구 남산로 1번길52
994,경남창원시대방점,경상남도,창원시,경남 창원시 성산구 대암로 1161층
995,경남남해군상주점,경상남도,남해군,경남 남해군 상주면 남해대로 697
996,경남김해시장유1호점,경상남도,김해시,경남 김해시 능동로 7번길15
997,경남창원시반지점,경상남도,창원시,경남 창원시 성산구 반송로 22
998,경남창녕군창녕점,경상남도,창녕군,경남 창녕군 창녕읍 창녕대로 37
999,경남진주시문산혁신점,경상남도,진주시,경남 진주시 문산읍 소문길 21
1000,경남양산시증산1호점,경상남도,양산시,경남 양산시 물금읍 백호길 경남양산시물금읍백호2길17-10
1001,경남창원시사파점,경상남도,창원시,경남 창원시 성산구 동산로 194
1002,경남마산시호계점,경상남도,창원시,경남 창원시 마산회원구 내서읍 호원로 190
1003,경남김해시팔판점,경상남도,김해시,경남 김해시 팔판로 32
1004,경남거제시지세포점,경상남도,거제시,경남 거제시 일운면 거제대로 2491103호
1005,경남창원시NC다이노스점,경상남도,창원시,경남 창원시 마산회원구 삼호로 63
1006,경남밀양시내일점,경상남도,밀양시,경남 밀양시 약산로 33
1007,경남창원시감계점,경상남도,창원시,경남 창원시 의창구 북면 감계로 297휴먼빌아파
1008,전북전주시서신점,전라북도,전주시,전북 전주시 완산구 서신로 43
1009,전북전주시송천점,전라북도,전주시,전북 전주시 덕진구 천마산로 12
1010,전북전주시중화산점,전라북도,전주시,전북 전주시 완산구 메너머길 전북전주시완산구메너머1길29
1011,전북전주시호성점,전라북도,전주시,전북 전주시 덕진구 소리로 198
1012,전북전주시평화1점,전라북도,전주시,전북 전주시 완산구 평화길 전북전주시완산구평화17길10
1013,전북익산시부송점,전라북도,익산시,전북 익산시 부송로 14길21
1014,전북김제시김제점,전라북도,김제시,전북 김제시 동서로 214
1015,전북정읍시시기점,전라북도,정읍시,전북 정읍시 천변로 350-1
1016,전북남원시남원점,전라북도,남원시,전라북도 남원시 동문로 75
1017,전북고창군고창점,전라북도,고창군,전북 고창군 고창읍 성산길 전북고창군고창읍성산3길3
1018,전북전주시진북인후점,전라북도,전주시,전북 전주시 덕진구 팔달로 346
1019,전북군산시옥서점,전라북도,군산시,전북 군산시 옥서면 옥구저수지로 217
1020,전북군산시소룡산북점,전라북도,군산시,전북 군산시 동아로 130
1021,전북무주군무주스키점,전라북도,무주군,전북 무주군 설천면 구천동로 전북무주군설천면구천동1로6
1022,전남광양시중동점,전라남도,광양시,전남 광양시 광장로 120
1023,전남여수시안산점,전라남도,여수시,전남 여수시 도원로 186
1024,전남여수시서교점,전라남도,여수시,전남 여수시 서교길 전남여수시서교3길3-2
1025,전남여수시국동점,전라남도,여수시,전남 여수시 구봉산길 15-2
1026,전남광양시광영점,전라남도,광양시,전남 광양시 금영로 181
1027,전남순천시삼산점,전라남도,순천시,전남 순천시 중앙로 292
1028,전남순천시중앙점,전라남도,순천시,전남 순천시 장명로 10
1029,전남순천시왕지점,전라남도,순천시,전남 순천시 연동남길 35
1030,전북정읍시수성점,전라북도,정읍시,전북 정읍시 수성로 전북정읍시수성1로55-14
1031,전북군산시나운2점,전라북도,군산시,전북 군산시 나운안길 전북군산시나운안2길11
1032,전북익산시신동남중점,전라북도,익산시,전북 익산시 익산대로 56길7-7
1033,전남순천시금당지구점,전라남도,순천시,전남 순천시 해룡면 조례못등길 118
1034,전북군산시수송점,전라북도,군산시,전북 군산시 동수송3길 22
1035,전남구례군구례지리산온천점,전라남도,구례군,전남 구례군 산동면 하관길 전남구례군산동면하관1길26
1036,전남여수시여서점,전라남도,여수시,전남 여수시 대치길 전남여수시대치3길13-1
1037,전북익산시영등점,전라북도,익산시,전북 익산시 고봉로 254
1038,전북전주시효자점,전라북도,전주시,전북 전주시 완산구 강변로 120
1039,전북군산시나운1점,전라북도,군산시,전북 군산시 신설길 전북군산시신설2길6-4
1040,전북전주시서곡점,전라북도,전주시,전북 전주시 완산구 서곡1길 5-12
1041,전북완주군삼례우석대점,전라북도,완주군,전북 완주군 삼례읍 동학로 83
1042,전북무주군무주점,전라북도,무주군,전북 무주군 무주읍 단천로 84
1043,전북익산시동산점,전라북도,익산시,전북 익산시 서동로 88
1044,전북완주군봉동3공단점,전라북도,완주군,전북 완주군 봉동읍 원둔산길 전북완주군봉동읍원둔산3길13
1045,전남여수시둔덕점,전라남도,여수시,전남 여수시 쌍봉로 357
1046,전북익산시함열점,전라북도,익산시,전북 익산시 함열읍 함열중앙로 15
1047,전북군산시중앙점,전라북도,군산시,전북 군산시 중앙로 94
1048,전북군산시오식도점,전라북도,군산시,전북 군산시 가도로 177
1049,전북익산시모현점,전라북도,익산시,전북 익산시 고현로길 전북익산시고현로14길8-1
1050,전북전주시삼천점,전라북도,전주시,전북 전주시 완산구 거마남로 58
1051,전북전주시아중점,전라북도,전주시,전북 전주시 덕진구 동가재미길 전북전주시덕진구동가재미3길8
1052,전북부안읍부안점,전라북도,부안군,전북 부안군 부안읍 수정길 5
1053,전북군산시군산대점,전라북도,군산시,전북 군산시 미제길 전북군산시미제1길5-4
1054,전남순천시남제점,전라남도,순천시,전남 순천시 우석로 73-1
1055,전남광양시마동점,전라남도,광양시,전남 광양시 사동로 81-1
1056,전남여수시무선지구점,전라남도,여수시,전남 여수시 무선길 전남여수시무선3길6
1057,전북전주시덕진전북대점,전라북도,전주시,전북 전주시 덕진구 명륜길 전북전주시덕진구명륜5길19-6
1058,전북전주시동산점,전라북도,전주시,전북 전주시 덕진구 쪽구름길 전북전주시덕진구쪽구름5길5
1059,전북전주시전주대점,전라북도,전주시,전북 전주시 효자로 92
1060,전남여수시신기점,전라남도,여수시,전남 여수시 새터로 93
1061,전남광양시광양점,전라남도,광양시,전남 광양시 광양읍 인서길 전남광양시광양읍인서4길23
1062,전북전주시서학중앙점(B),전라북도,전주시,전북 전주시 완산구 서학길 전북전주시완산구서학1길2
1063,전남순천시신대점,전라남도,해룡면,전남 해룡면 좌야로 101
1064,전북군산시조촌점,전라북도,군산시,전북 군산시 진포로 169
1065,전남순천시연향점,전라남도,순천시,전남 순천시 연향상가3길 전남순천시연향1로16-1
1066,전북완주군혁신점,전라북도,완주군,전북 완주군 이서면 안전로 107-3
1067,전남순천시조례점,전라남도,순천시,전남 순천시 비봉길 86
1068,전남영광군영광점,전라남도,영광군,전남 영광군 영광읍 신남로 213-1
1069,광주광산구운남점,광주광역시,광산구,광주 광산구 월곡중앙로 광주광산구월곡로30-1
1070,광주북구동림점,광주광역시,북구,광주 북구 동림용산로 29
1071,전남목포시하당1점,전라남도,목포시,전남 목포시 백년대로 297번길12-2
1072,광주서구금호점,광주광역시,서구,광주 서구 금화로 73번길16
1073,전남목포시용해점,전라남도,목포시,전남 목포시 용당로 331번길88
1074,전남목포시연산점,전라남도,목포시,전남 목포시 원산로 전남목포시연산로159번길22
1075,전남보성군보성점,전라남도,보성군,전남 보성군 보성읍 중앙로 46-11
1076,전남목포시하당2점,전라남도,목포시,전남 목포시 삼향천로 35
1077,광주북구일곡점,광주광역시,북구,광주 북구 송해로 34
1078,광주서구풍암점,광주광역시,서구,광주 서구 풍암신암로 26
1079,전남화순군화순점,전라남도,화순군,전남 화순군 화순읍 만연로 37
1080,광주광산구첨단1호점,광주광역시,광산구,광주 광산구 산월로 64
1081,광주북구용봉점,광주광역시,북구,광주 북구 설죽로 202번길52
1082,광주북구양산점,광주광역시,북구,광주 북구 양산택지로 79번길15
1083,광주서구상무점,광주광역시,서구,광주 서구 상무평화로 102
1084,광주남구진월점,광주광역시,남구,광주 남구 서문대로 663번길16
1085,광주광산구송정1점,광주광역시,광산구,광주 광산구 남동길 30번길48
1086,광주서구화정1점,광주광역시,서구,광주 서구 염화로 57번길20
1087,전남고흥군고흥점,전라남도,고흥군,전남 고흥군 고흥읍 봉황길 10
1088,광주북구두암1점,광주광역시,북구,광주 북구 삼정로 139
1089,광주서구쌍촌1점,광주광역시,서구,광주 서구 상일로 24번길11
1090,전남해남군해남점,전라남도,해남군,전남 해남군 해남읍 중앙로 전남해남군해남읍중앙1로167-1
1091,광주남구방림양림점,광주광역시,남구,광주 남구 방림로 2
1092,광주남구주월점,광주광역시,남구,광주 남구 회서로 15
1093,광주북구중흥점,광주광역시,북구,광주 북구 용봉로 86
1094,전남보성군벌교점,전라남도,보성군,전남 보성군 벌교읍 채동선로 259-1
1095,광주광산구수완1점,광주광역시,광산구,광주 광산구 장덕로 95번길45
1096,광주동구학동점,광주광역시,동구,광주 동구 천변우로 603
1097,전남완도군완도점,전라남도,완도군,전남 완도군 완도읍 개포로 177번길12
1098,광주남구월산까치점,광주광역시,남구,광주 남구 독립로 87
1099,전남장흥군장흥점,전라남도,장흥군,전남 장흥군 장흥읍 북부로 39
1100,전남함평군함평점,전라남도,함평군,전남 함평군 함평읍 중앙길 172-1
1101,전남목포시석현점(B),전라남도,목포시,전남 목포시 텃골로 33번길53
1102,전남진도군진도점,전라남도,진도군,전남 진도군 진도읍 남문길 47
1103,광주남구효천점,광주광역시,남구,광주 남구 효우로 230번길35
1104,광주광산구선운점,광주광역시,광산구,광주 광산구 선운중앙로 43
1105,전남나주시영산포점,전라남도,나주시,전남 나주시 남교길 전남나주시남교1길6-15
1106,전남해남군우수영점,전라남도,해남군,전남 해남군 문내면 동영길 22-1
1107,전남고흥군녹동점,전라남도,고흥군,전남 고흥군 도양읍 비봉로 129-2
1108,광주북구문흥점,광주광역시,북구,광주 북구 면앙로 32번길29
1109,전남무안군무안점,전라남도,무안군,전남 무안군 무안읍 하마로 31
1110,광주남구봉선1점,광주광역시,남구,광주 남구 봉선로 광주남구봉선1로66
1111,광주광산구신가점,광주광역시,광산구,광주 광산구 신창로 35번길87
1112,전남무안군남악점,전라남도,무안군,전남 무안군 삼향읍 남악로 전남무안군삼향읍남악2로74번길42상가106호
1113,전남목포시삼학점,전라남도,목포시,전남 목포시 산정로 22번길20
1114,전남나주시나주혁신도시점,전라남도,나주시,전남 나주시 빛가람로 789
1115,광주북구첨단2지구점,광주광역시,북구,광주 북구 임방울대로 1042번길14-20
1116,광주동구산수점,광주광역시,동구,광주 동구 산수길 33 
1117,전남나주시나주점,전라남도,나주시,전남 나주시 나주로 81
1118,전남영암군삼호점,전라남도,영암군,전남 영암군 삼호읍 대불주거로 1길80
1119,광주광산구산정점,광주광역시,광산구,광주 광산구 하남대로 54번안길104-7
1120,광주서구동천점,광주광역시,서구,광주 서구 동천로 10번길24
1121,전남담양군담양점,전라남도,담양군,전남 담양군 담양읍 죽향대로 1195
1122,제주제주시노형점,제주특별자치도,제주시,제주 제주시 원노형로 50
1123,제주제주시외도점,제주특별자치도,제주시,제주 제주시 우령2길 11
1124,제주제주시화북삼양점,제주특별자치도,제주시,제주 제주시 진남로 6길9
1125,제주서귀포시중문점,제주특별자치도,서귀포시,제주 서귀포시 천제연로 191
1126,제주서귀포시서귀포1점,제주특별자치도,서귀포시,제주 서귀포시 일주동로 8600
1127,제주서귀포시성산점,제주특별자치도,서귀포시,제주 서귀포시 성산읍 고성동서로 56번길18
1128,제주서귀포시서귀포2호점,제주특별자치도,서귀포시,제주 서귀포시 장수로 98
1129,제주제주시도남점,제주특별자치도,제주시,제주 제주시 독짓골길 제주제주시독짓골4길11
1130,제주서귀포시강정해군기지점,제주특별자치도,서귀포시,제주 서귀포시 강정동 2735
1131,제주서귀포시신시가지점,제주특별자치도,서귀포시,제주 서귀포시 신북로 17
1132,제주서귀포시대정점,제주특별자치도,서귀포시,제주 서귀포시 대정읍 하모항구로6번길 27
1133,제주서귀포시표선점,제주특별자치도,서귀포시,제주 서귀포시 표선면 표선동서로 288
1134,제주제주시일도점,제주특별자치도,제주시,제주 제주시 청귤로 3길51
1135,제주제주시연동점,제주특별자치도,제주시,제주 제주시 연동길 제주제주시삼무로82
1136,제주제주시한림점,제주특별자치도,제주시,제주 제주시 한림읍 한림로 제주제주시한림읍한림중앙로46
1137,제주제주시아라점,제주특별자치도,제주시,제주 제주시 중앙로 578
1138,제주제주시조천함덕점,제주특별자치도,제주시,제주 제주시 조천읍 함덕길 제주제주시조천읍함덕20길3
1139,제주서귀포시화순안덕점,제주특별자치도,서귀포시,제주 서귀포시 안덕면 일주서로 1449
1140,제주제주시용담점,제주특별자치도,제주시,제주 제주시 용문로 157
1141,제주제주시봉개점,제주특별자치도,제주시,제주 제주시 번영로 521-1
1142,서울구로구고척스카이돔점,서울특별시,구로구,서울 구로구 경인로 430 B-5
1143,서울구로구개봉점(B),서울특별시,구로구,서울 구로구 개봉로 11길34
